solid CATIA STL
  facet normal  0.000000e+000  1.000000e+000  0.000000e+000
    outer loop
      vertex -1.300000e+001  2.000000e+000  2.000000e+000
      vertex -1.500000e+001  2.000000e+000  2.000000e+000
      vertex -1.500000e+001  2.000000e+000  3.000000e+000
    endloop
  endfacet
  facet normal  0.000000e+000  1.000000e+000  0.000000e+000
    outer loop
      vertex -1.300000e+001  2.000000e+000  2.000000e+000
      vertex -1.500000e+001  2.000000e+000  3.000000e+000
      vertex -8.000000e+000  2.000000e+000  2.000000e+000
    endloop
  endfacet
  facet normal  0.000000e+000  1.000000e+000  0.000000e+000
    outer loop
      vertex -1.300000e+001  2.000000e+000  2.000000e+000
      vertex -8.000000e+000  2.000000e+000  2.000000e+000
      vertex -1.300000e+001  2.000000e+000  0.000000e+000
    endloop
  endfacet
  facet normal  0.000000e+000  1.000000e+000  0.000000e+000
    outer loop
      vertex -1.500000e+001  2.000000e+000  4.500000e+000
      vertex -8.000000e+000  2.000000e+000  2.000000e+000
      vertex -1.500000e+001  2.000000e+000  3.000000e+000
    endloop
  endfacet
  facet normal  0.000000e+000  1.000000e+000  -0.000000e+000
    outer loop
      vertex -1.500000e+001  2.000000e+000  4.500000e+000
      vertex -1.500000e+001  2.000000e+000  3.000000e+000
      vertex -1.700000e+001  2.000000e+000  3.000000e+000
    endloop
  endfacet
  facet normal  0.000000e+000  1.000000e+000  0.000000e+000
    outer loop
      vertex -1.500000e+001  2.000000e+000  4.500000e+000
      vertex -1.700000e+001  2.000000e+000  3.000000e+000
      vertex -1.700000e+001  2.000000e+000  4.500000e+000
    endloop
  endfacet
  facet normal  0.000000e+000  1.000000e+000  -0.000000e+000
    outer loop
      vertex  0.000000e+000  2.000000e+000  2.000000e+000
      vertex  0.000000e+000  2.000000e+000  0.000000e+000
      vertex -8.000000e+000  2.000000e+000  2.000000e+000
    endloop
  endfacet
  facet normal  0.000000e+000  1.000000e+000  0.000000e+000
    outer loop
      vertex -8.000000e+000  2.000000e+000  2.000000e+000
      vertex  0.000000e+000  2.000000e+000  0.000000e+000
      vertex -1.300000e+001  2.000000e+000  0.000000e+000
    endloop
  endfacet
  facet normal  -0.000000e+000  0.000000e+000 -1.000000e+000
    outer loop
      vertex  8.632840e+000 -8.108631e+000  0.000000e+000
      vertex  9.632840e+000 -1.539137e+001  0.000000e+000
      vertex  8.971242e+000 -1.570998e+001  0.000000e+000
    endloop
  endfacet
  facet normal  0.000000e+000  0.000000e+000 -1.000000e+000
    outer loop
      vertex  1.148660e+001 -1.628409e+001  0.000000e+000
      vertex  1.102876e+001 -1.570998e+001  0.000000e+000
      vertex  1.500000e+001 -1.650000e+001  0.000000e+000
    endloop
  endfacet
  facet normal  0.000000e+000  -0.000000e+000 -1.000000e+000
    outer loop
      vertex -1.500000e+001 -1.900000e+001  0.000000e+000
      vertex -1.300000e+001  1.900000e+001  0.000000e+000
      vertex -1.300000e+001  2.000000e+000  0.000000e+000
    endloop
  endfacet
  facet normal  0.000000e+000  -0.000000e+000 -1.000000e+000
    outer loop
      vertex -1.500000e+001 -1.900000e+001  0.000000e+000
      vertex -1.300000e+001  2.000000e+000  0.000000e+000
      vertex -8.500000e+000 -4.500000e+000  0.000000e+000
    endloop
  endfacet
  facet normal  0.000000e+000  -0.000000e+000 -1.000000e+000
    outer loop
      vertex -1.500000e+001 -1.900000e+001  0.000000e+000
      vertex -8.500000e+000 -4.500000e+000  0.000000e+000
      vertex -8.500000e+000 -1.950000e+001  0.000000e+000
    endloop
  endfacet
  facet normal  -0.000000e+000  0.000000e+000 -1.000000e+000
    outer loop
      vertex -1.500000e+001 -1.900000e+001  0.000000e+000
      vertex -8.500000e+000 -1.950000e+001  0.000000e+000
      vertex -1.485317e+001 -1.992705e+001  0.000000e+000
    endloop
  endfacet
  facet normal  -0.000000e+000  0.000000e+000 -1.000000e+000
    outer loop
      vertex  1.036716e+001 -1.860863e+001  0.000000e+000
      vertex  1.500000e+001 -1.900000e+001  0.000000e+000
      vertex  1.485317e+001 -1.992705e+001  0.000000e+000
    endloop
  endfacet
  facet normal  -0.000000e+000  0.000000e+000 -1.000000e+000
    outer loop
      vertex  1.036716e+001 -1.860863e+001  0.000000e+000
      vertex  1.485317e+001 -1.992705e+001  0.000000e+000
      vertex  1.442705e+001 -2.076336e+001  0.000000e+000
    endloop
  endfacet
  facet normal  -0.000000e+000  0.000000e+000 -1.000000e+000
    outer loop
      vertex  1.036716e+001 -1.860863e+001  0.000000e+000
      vertex  1.442705e+001 -2.076336e+001  0.000000e+000
      vertex  1.376336e+001 -2.142705e+001  0.000000e+000
    endloop
  endfacet
  facet normal  -0.000000e+000  0.000000e+000 -1.000000e+000
    outer loop
      vertex  1.036716e+001 -1.860863e+001  0.000000e+000
      vertex  1.376336e+001 -2.142705e+001  0.000000e+000
      vertex  1.292705e+001 -2.185317e+001  0.000000e+000
    endloop
  endfacet
  facet normal  -0.000000e+000  0.000000e+000 -1.000000e+000
    outer loop
      vertex  1.036716e+001 -1.860863e+001  0.000000e+000
      vertex  1.292705e+001 -2.185317e+001  0.000000e+000
      vertex  1.200000e+001 -2.200000e+001  0.000000e+000
    endloop
  endfacet
  facet normal  0.000000e+000  0.000000e+000 -1.000000e+000
    outer loop
      vertex  1.036716e+001 -1.860863e+001  0.000000e+000
      vertex  1.200000e+001 -2.200000e+001  0.000000e+000
      vertex -1.200000e+001 -2.200000e+001  0.000000e+000
    endloop
  endfacet
  facet normal  0.000000e+000  0.000000e+000 -1.000000e+000
    outer loop
      vertex  1.036716e+001 -1.860863e+001  0.000000e+000
      vertex -1.200000e+001 -2.200000e+001  0.000000e+000
      vertex  9.632840e+000 -1.860863e+001  0.000000e+000
    endloop
  endfacet
  facet normal  -0.000000e+000  -0.000000e+000 -1.000000e+000
    outer loop
      vertex  9.632840e+000  1.539137e+001  0.000000e+000
      vertex  1.036716e+001  1.539137e+001  0.000000e+000
      vertex  1.310000e+001  1.300000e+001  0.000000e+000
    endloop
  endfacet
  facet normal  -0.000000e+000  0.000000e+000 -1.000000e+000
    outer loop
      vertex  9.632840e+000  1.539137e+001  0.000000e+000
      vertex  1.310000e+001  1.300000e+001  0.000000e+000
      vertex  1.002876e+001  7.790022e+000  0.000000e+000
    endloop
  endfacet
  facet normal  0.000000e+000  0.000000e+000 -1.000000e+000
    outer loop
      vertex  9.632840e+000  1.539137e+001  0.000000e+000
      vertex  1.002876e+001  7.790022e+000  0.000000e+000
      vertex  9.367160e+000  8.108631e+000  0.000000e+000
    endloop
  endfacet
  facet normal  0.000000e+000  0.000000e+000 -1.000000e+000
    outer loop
      vertex  9.632840e+000  1.539137e+001  0.000000e+000
      vertex  9.367160e+000  8.108631e+000  0.000000e+000
      vertex  8.632840e+000  8.108631e+000  0.000000e+000
    endloop
  endfacet
  facet normal  -0.000000e+000  0.000000e+000 -1.000000e+000
    outer loop
      vertex  9.632840e+000  1.539137e+001  0.000000e+000
      vertex  8.632840e+000  8.108631e+000  0.000000e+000
      vertex  7.971242e+000  7.790022e+000  0.000000e+000
    endloop
  endfacet
  facet normal  -0.000000e+000  0.000000e+000 -1.000000e+000
    outer loop
      vertex  9.632840e+000  1.539137e+001  0.000000e+000
      vertex  7.971242e+000  7.790022e+000  0.000000e+000
      vertex  0.000000e+000  2.000000e+000  0.000000e+000
    endloop
  endfacet
  facet normal -3.957820e-015  2.143975e-015 -1.000000e+000
    outer loop
      vertex  0.000000e+000  2.000000e+000  0.000000e+000
      vertex  8.513401e+000  1.771591e+001  0.000000e+000
      vertex  8.350000e+000  1.700000e+001 -8.881784e-016
    endloop
  endfacet
  facet normal  1.505168e-015 -8.970887e-016 -1.000000e+000
    outer loop
      vertex  0.000000e+000  2.000000e+000  0.000000e+000
      vertex  8.350000e+000  1.700000e+001 -8.881784e-016
      vertex  8.513401e+000  1.628409e+001  0.000000e+000
    endloop
  endfacet
  facet normal  0.000000e+000  -0.000000e+000 -1.000000e+000
    outer loop
      vertex  0.000000e+000  2.000000e+000  0.000000e+000
      vertex  8.513401e+000  1.628409e+001  0.000000e+000
      vertex  8.971242e+000  1.570998e+001  0.000000e+000
    endloop
  endfacet
  facet normal  0.000000e+000  -0.000000e+000 -1.000000e+000
    outer loop
      vertex  0.000000e+000  2.000000e+000  0.000000e+000
      vertex  8.971242e+000  1.570998e+001  0.000000e+000
      vertex  9.632840e+000  1.539137e+001  0.000000e+000
    endloop
  endfacet
  facet normal  0.000000e+000  0.000000e+000 -1.000000e+000
    outer loop
      vertex  1.036716e+001  1.860863e+001  0.000000e+000
      vertex  9.632840e+000  1.860863e+001  0.000000e+000
      vertex -1.200000e+001  2.200000e+001  0.000000e+000
    endloop
  endfacet
  facet normal  0.000000e+000  0.000000e+000 -1.000000e+000
    outer loop
      vertex  1.036716e+001  1.860863e+001  0.000000e+000
      vertex -1.200000e+001  2.200000e+001  0.000000e+000
      vertex  1.200000e+001  2.200000e+001  0.000000e+000
    endloop
  endfacet
  facet normal  0.000000e+000  -0.000000e+000 -1.000000e+000
    outer loop
      vertex  1.036716e+001  1.860863e+001  0.000000e+000
      vertex  1.200000e+001  2.200000e+001  0.000000e+000
      vertex  1.292705e+001  2.185317e+001  0.000000e+000
    endloop
  endfacet
  facet normal  0.000000e+000  -0.000000e+000 -1.000000e+000
    outer loop
      vertex  1.036716e+001  1.860863e+001  0.000000e+000
      vertex  1.292705e+001  2.185317e+001  0.000000e+000
      vertex  1.376336e+001  2.142705e+001  0.000000e+000
    endloop
  endfacet
  facet normal  0.000000e+000  -0.000000e+000 -1.000000e+000
    outer loop
      vertex  1.036716e+001  1.860863e+001  0.000000e+000
      vertex  1.376336e+001  2.142705e+001  0.000000e+000
      vertex  1.442705e+001  2.076336e+001  0.000000e+000
    endloop
  endfacet
  facet normal  0.000000e+000  -0.000000e+000 -1.000000e+000
    outer loop
      vertex  1.036716e+001  1.860863e+001  0.000000e+000
      vertex  1.442705e+001  2.076336e+001  0.000000e+000
      vertex  1.485317e+001  1.992705e+001  0.000000e+000
    endloop
  endfacet
  facet normal  0.000000e+000  -0.000000e+000 -1.000000e+000
    outer loop
      vertex  1.036716e+001  1.860863e+001  0.000000e+000
      vertex  1.485317e+001  1.992705e+001  0.000000e+000
      vertex  1.500000e+001  1.900000e+001  0.000000e+000
    endloop
  endfacet
  facet normal  0.000000e+000  -0.000000e+000 -1.000000e+000
    outer loop
      vertex  1.036716e+001  1.860863e+001  0.000000e+000
      vertex  1.500000e+001  1.900000e+001  0.000000e+000
      vertex  1.500000e+001  1.650000e+001  0.000000e+000
    endloop
  endfacet
  facet normal  0.000000e+000  -0.000000e+000 -1.000000e+000
    outer loop
      vertex -1.485317e+001 -1.992705e+001  0.000000e+000
      vertex -8.500000e+000 -1.950000e+001  0.000000e+000
      vertex  1.500000e+000 -1.950000e+001  0.000000e+000
    endloop
  endfacet
  facet normal  0.000000e+000  0.000000e+000 -1.000000e+000
    outer loop
      vertex -1.485317e+001 -1.992705e+001  0.000000e+000
      vertex  1.500000e+000 -1.950000e+001  0.000000e+000
      vertex -1.200000e+001 -2.200000e+001  0.000000e+000
    endloop
  endfacet
  facet normal  0.000000e+000  0.000000e+000 -1.000000e+000
    outer loop
      vertex -1.485317e+001 -1.992705e+001  0.000000e+000
      vertex -1.200000e+001 -2.200000e+001  0.000000e+000
      vertex -1.292705e+001 -2.185317e+001  0.000000e+000
    endloop
  endfacet
  facet normal  0.000000e+000  0.000000e+000 -1.000000e+000
    outer loop
      vertex -1.485317e+001 -1.992705e+001  0.000000e+000
      vertex -1.292705e+001 -2.185317e+001  0.000000e+000
      vertex -1.376336e+001 -2.142705e+001  0.000000e+000
    endloop
  endfacet
  facet normal  0.000000e+000  0.000000e+000 -1.000000e+000
    outer loop
      vertex -1.485317e+001 -1.992705e+001  0.000000e+000
      vertex -1.376336e+001 -2.142705e+001  0.000000e+000
      vertex -1.442705e+001 -2.076336e+001  0.000000e+000
    endloop
  endfacet
  facet normal  0.000000e+000  0.000000e+000 -1.000000e+000
    outer loop
      vertex  1.500000e+000 -1.950000e+001  0.000000e+000
      vertex  7.513402e+000 -5.784092e+000  0.000000e+000
      vertex  7.350000e+000 -6.500000e+000  0.000000e+000
    endloop
  endfacet
  facet normal  0.000000e+000  -0.000000e+000 -1.000000e+000
    outer loop
      vertex  1.500000e+000 -1.950000e+001  0.000000e+000
      vertex  7.350000e+000 -6.500000e+000  0.000000e+000
      vertex  7.513402e+000 -7.215908e+000  0.000000e+000
    endloop
  endfacet
  facet normal  0.000000e+000  -0.000000e+000 -1.000000e+000
    outer loop
      vertex  1.500000e+000 -1.950000e+001  0.000000e+000
      vertex  7.513402e+000 -7.215908e+000  0.000000e+000
      vertex  7.971242e+000 -7.790022e+000  0.000000e+000
    endloop
  endfacet
  facet normal  0.000000e+000  -0.000000e+000 -1.000000e+000
    outer loop
      vertex  1.500000e+000 -1.950000e+001  0.000000e+000
      vertex  7.971242e+000 -7.790022e+000  0.000000e+000
      vertex  8.632840e+000 -8.108631e+000  0.000000e+000
    endloop
  endfacet
  facet normal  0.000000e+000  -0.000000e+000 -1.000000e+000
    outer loop
      vertex  1.500000e+000 -1.950000e+001  0.000000e+000
      vertex  8.632840e+000 -8.108631e+000  0.000000e+000
      vertex  8.971242e+000 -1.570998e+001  0.000000e+000
    endloop
  endfacet
  facet normal  0.000000e+000  0.000000e+000 -1.000000e+000
    outer loop
      vertex  1.500000e+000 -1.950000e+001  0.000000e+000
      vertex  8.971242e+000 -1.570998e+001  0.000000e+000
      vertex  8.513401e+000 -1.628409e+001  0.000000e+000
    endloop
  endfacet
  facet normal -6.353731e-016  1.385651e-015 -1.000000e+000
    outer loop
      vertex  1.500000e+000 -1.950000e+001  0.000000e+000
      vertex  8.513401e+000 -1.628409e+001  0.000000e+000
      vertex  8.350000e+000 -1.700000e+001 -8.881784e-016
    endloop
  endfacet
  facet normal  2.982777e-016 -1.172552e-015 -1.000000e+000
    outer loop
      vertex  1.500000e+000 -1.950000e+001  0.000000e+000
      vertex  8.350000e+000 -1.700000e+001 -8.881784e-016
      vertex  8.513401e+000 -1.771591e+001  0.000000e+000
    endloop
  endfacet
  facet normal  0.000000e+000  -0.000000e+000 -1.000000e+000
    outer loop
      vertex  1.500000e+000 -1.950000e+001  0.000000e+000
      vertex  8.513401e+000 -1.771591e+001  0.000000e+000
      vertex  8.971242e+000 -1.829002e+001  0.000000e+000
    endloop
  endfacet
  facet normal  0.000000e+000  -0.000000e+000 -1.000000e+000
    outer loop
      vertex  1.500000e+000 -1.950000e+001  0.000000e+000
      vertex  8.971242e+000 -1.829002e+001  0.000000e+000
      vertex  9.632840e+000 -1.860863e+001  0.000000e+000
    endloop
  endfacet
  facet normal  0.000000e+000  0.000000e+000 -1.000000e+000
    outer loop
      vertex  1.500000e+000 -1.950000e+001  0.000000e+000
      vertex  9.632840e+000 -1.860863e+001  0.000000e+000
      vertex -1.200000e+001 -2.200000e+001  0.000000e+000
    endloop
  endfacet
  facet normal  0.000000e+000  0.000000e+000 -1.000000e+000
    outer loop
      vertex  1.500000e+000 -4.500000e+000  0.000000e+000
      vertex -8.500000e+000 -4.500000e+000  0.000000e+000
      vertex -1.300000e+001  2.000000e+000  0.000000e+000
    endloop
  endfacet
  facet normal  0.000000e+000  0.000000e+000 -1.000000e+000
    outer loop
      vertex  1.500000e+000 -4.500000e+000  0.000000e+000
      vertex -1.300000e+001  2.000000e+000  0.000000e+000
      vertex  0.000000e+000  2.000000e+000  0.000000e+000
    endloop
  endfacet
  facet normal  0.000000e+000  0.000000e+000 -1.000000e+000
    outer loop
      vertex  1.500000e+000 -4.500000e+000  0.000000e+000
      vertex  0.000000e+000  2.000000e+000  0.000000e+000
      vertex  9.367160e+000 -4.891369e+000  0.000000e+000
    endloop
  endfacet
  facet normal  0.000000e+000  0.000000e+000 -1.000000e+000
    outer loop
      vertex  1.500000e+000 -4.500000e+000  0.000000e+000
      vertex  9.367160e+000 -4.891369e+000  0.000000e+000
      vertex  8.632840e+000 -4.891369e+000  0.000000e+000
    endloop
  endfacet
  facet normal  -0.000000e+000  0.000000e+000 -1.000000e+000
    outer loop
      vertex  1.500000e+000 -4.500000e+000  0.000000e+000
      vertex  8.632840e+000 -4.891369e+000  0.000000e+000
      vertex  7.971242e+000 -5.209978e+000  0.000000e+000
    endloop
  endfacet
  facet normal  -0.000000e+000  0.000000e+000 -1.000000e+000
    outer loop
      vertex  1.500000e+000 -4.500000e+000  0.000000e+000
      vertex  7.971242e+000 -5.209978e+000  0.000000e+000
      vertex  7.513402e+000 -5.784092e+000  0.000000e+000
    endloop
  endfacet
  facet normal  -0.000000e+000  0.000000e+000 -1.000000e+000
    outer loop
      vertex  1.500000e+000 -4.500000e+000  0.000000e+000
      vertex  7.513402e+000 -5.784092e+000  0.000000e+000
      vertex  1.500000e+000 -1.950000e+001  0.000000e+000
    endloop
  endfacet
  facet normal  0.000000e+000  0.000000e+000 -1.000000e+000
    outer loop
      vertex  0.000000e+000  2.000000e+000  0.000000e+000
      vertex  7.971242e+000  7.790022e+000  0.000000e+000
      vertex  7.513402e+000  7.215908e+000  0.000000e+000
    endloop
  endfacet
  facet normal  0.000000e+000  0.000000e+000 -1.000000e+000
    outer loop
      vertex  0.000000e+000  2.000000e+000  0.000000e+000
      vertex  7.513402e+000  7.215908e+000  0.000000e+000
      vertex  7.350000e+000  6.500000e+000  0.000000e+000
    endloop
  endfacet
  facet normal  0.000000e+000  -0.000000e+000 -1.000000e+000
    outer loop
      vertex  0.000000e+000  2.000000e+000  0.000000e+000
      vertex  7.350000e+000  6.500000e+000  0.000000e+000
      vertex  7.513402e+000  5.784092e+000  0.000000e+000
    endloop
  endfacet
  facet normal  0.000000e+000  -0.000000e+000 -1.000000e+000
    outer loop
      vertex  0.000000e+000  2.000000e+000  0.000000e+000
      vertex  7.513402e+000  5.784092e+000  0.000000e+000
      vertex  7.971242e+000  5.209978e+000  0.000000e+000
    endloop
  endfacet
  facet normal  0.000000e+000  -0.000000e+000 -1.000000e+000
    outer loop
      vertex  0.000000e+000  2.000000e+000  0.000000e+000
      vertex  7.971242e+000  5.209978e+000  0.000000e+000
      vertex  8.632840e+000  4.891369e+000  0.000000e+000
    endloop
  endfacet
  facet normal  0.000000e+000  0.000000e+000 -1.000000e+000
    outer loop
      vertex  0.000000e+000  1.900000e+001  0.000000e+000
      vertex -1.200000e+001  2.200000e+001  0.000000e+000
      vertex  9.632840e+000  1.860863e+001  0.000000e+000
    endloop
  endfacet
  facet normal  -0.000000e+000  0.000000e+000 -1.000000e+000
    outer loop
      vertex  0.000000e+000  1.900000e+001  0.000000e+000
      vertex  9.632840e+000  1.860863e+001  0.000000e+000
      vertex  8.971242e+000  1.829002e+001  0.000000e+000
    endloop
  endfacet
  facet normal  -0.000000e+000  0.000000e+000 -1.000000e+000
    outer loop
      vertex  0.000000e+000  1.900000e+001  0.000000e+000
      vertex  8.971242e+000  1.829002e+001  0.000000e+000
      vertex  8.513401e+000  1.771591e+001  0.000000e+000
    endloop
  endfacet
  facet normal  -0.000000e+000  0.000000e+000 -1.000000e+000
    outer loop
      vertex  0.000000e+000  1.900000e+001  0.000000e+000
      vertex  8.513401e+000  1.771591e+001  0.000000e+000
      vertex  0.000000e+000  2.000000e+000  0.000000e+000
    endloop
  endfacet
  facet normal  0.000000e+000  0.000000e+000 -1.000000e+000
    outer loop
      vertex  1.310000e+001 -1.300000e+001  0.000000e+000
      vertex  1.500000e+001 -1.650000e+001  0.000000e+000
      vertex  1.102876e+001 -1.570998e+001  0.000000e+000
    endloop
  endfacet
  facet normal  0.000000e+000  0.000000e+000 -9.999999e-001
    outer loop
      vertex  1.310000e+001 -1.300000e+001  0.000000e+000
      vertex  1.102876e+001 -1.570998e+001  0.000000e+000
      vertex  1.036716e+001 -1.539137e+001  0.000000e+000
    endloop
  endfacet
  facet normal  0.000000e+000  0.000000e+000 -1.000000e+000
    outer loop
      vertex  1.310000e+001 -1.300000e+001  0.000000e+000
      vertex  1.036716e+001 -1.539137e+001  0.000000e+000
      vertex  1.002876e+001 -7.790022e+000  0.000000e+000
    endloop
  endfacet
  facet normal  0.000000e+000  0.000000e+000 -1.000000e+000
    outer loop
      vertex  1.310000e+001 -1.300000e+001  0.000000e+000
      vertex  1.002876e+001 -7.790022e+000  0.000000e+000
      vertex  1.048660e+001 -7.215908e+000  0.000000e+000
    endloop
  endfacet
  facet normal  0.000000e+000  0.000000e+000 -9.999999e-001
    outer loop
      vertex  1.310000e+001 -1.300000e+001  0.000000e+000
      vertex  1.048660e+001 -7.215908e+000  0.000000e+000
      vertex  1.065000e+001 -6.500000e+000  0.000000e+000
    endloop
  endfacet
  facet normal  0.000000e+000  0.000000e+000 -1.000000e+000
    outer loop
      vertex  1.310000e+001 -1.300000e+001  0.000000e+000
      vertex  1.065000e+001 -6.500000e+000  0.000000e+000
      vertex  1.048660e+001 -5.784092e+000  0.000000e+000
    endloop
  endfacet
  facet normal  0.000000e+000  0.000000e+000 -1.000000e+000
    outer loop
      vertex  1.310000e+001 -1.300000e+001  0.000000e+000
      vertex  1.048660e+001 -5.784092e+000  0.000000e+000
      vertex  1.002876e+001  5.209978e+000  0.000000e+000
    endloop
  endfacet
  facet normal  0.000000e+000  0.000000e+000 -1.000000e+000
    outer loop
      vertex  1.310000e+001 -1.300000e+001  0.000000e+000
      vertex  1.002876e+001  5.209978e+000  0.000000e+000
      vertex  1.048660e+001  5.784092e+000  0.000000e+000
    endloop
  endfacet
  facet normal  0.000000e+000  0.000000e+000 -1.000000e+000
    outer loop
      vertex  1.310000e+001 -1.300000e+001  0.000000e+000
      vertex  1.048660e+001  5.784092e+000  0.000000e+000
      vertex  1.065000e+001  6.500000e+000  0.000000e+000
    endloop
  endfacet
  facet normal  0.000000e+000  0.000000e+000 -1.000000e+000
    outer loop
      vertex  1.310000e+001  1.300000e+001  0.000000e+000
      vertex  1.310000e+001 -1.300000e+001  0.000000e+000
      vertex  1.065000e+001  6.500000e+000  0.000000e+000
    endloop
  endfacet
  facet normal  0.000000e+000  0.000000e+000 -9.999999e-001
    outer loop
      vertex  1.310000e+001  1.300000e+001  0.000000e+000
      vertex  1.065000e+001  6.500000e+000  0.000000e+000
      vertex  1.048660e+001  7.215908e+000  0.000000e+000
    endloop
  endfacet
  facet normal  0.000000e+000  0.000000e+000 -1.000000e+000
    outer loop
      vertex  1.310000e+001  1.300000e+001  0.000000e+000
      vertex  1.048660e+001  7.215908e+000  0.000000e+000
      vertex  1.002876e+001  7.790022e+000  0.000000e+000
    endloop
  endfacet
  facet normal  0.000000e+000  0.000000e+000 -9.999999e-001
    outer loop
      vertex  1.310000e+001  1.300000e+001  0.000000e+000
      vertex  1.036716e+001  1.539137e+001  0.000000e+000
      vertex  1.102876e+001  1.570998e+001  0.000000e+000
    endloop
  endfacet
  facet normal  0.000000e+000  0.000000e+000 -1.000000e+000
    outer loop
      vertex  1.310000e+001  1.300000e+001  0.000000e+000
      vertex  1.102876e+001  1.570998e+001  0.000000e+000
      vertex  1.148660e+001  1.628409e+001  0.000000e+000
    endloop
  endfacet
  facet normal  0.000000e+000  0.000000e+000 -1.000000e+000
    outer loop
      vertex  1.310000e+001  1.300000e+001  0.000000e+000
      vertex  1.148660e+001  1.628409e+001  0.000000e+000
      vertex  1.165000e+001  1.700000e+001  0.000000e+000
    endloop
  endfacet
  facet normal  0.000000e+000  0.000000e+000 -1.000000e+000
    outer loop
      vertex  1.310000e+001  1.300000e+001  0.000000e+000
      vertex  1.165000e+001  1.700000e+001  0.000000e+000
      vertex  1.500000e+001  1.650000e+001  0.000000e+000
    endloop
  endfacet
  facet normal  0.000000e+000  0.000000e+000 -9.999999e-001
    outer loop
      vertex  1.500000e+001  1.650000e+001  0.000000e+000
      vertex  1.165000e+001  1.700000e+001  0.000000e+000
      vertex  1.148660e+001  1.771591e+001  0.000000e+000
    endloop
  endfacet
  facet normal  0.000000e+000  0.000000e+000 -9.999999e-001
    outer loop
      vertex  1.500000e+001  1.650000e+001  0.000000e+000
      vertex  1.148660e+001  1.771591e+001  0.000000e+000
      vertex  1.102876e+001  1.829002e+001  0.000000e+000
    endloop
  endfacet
  facet normal  0.000000e+000  0.000000e+000 -1.000000e+000
    outer loop
      vertex  1.500000e+001  1.650000e+001  0.000000e+000
      vertex  1.102876e+001  1.829002e+001  0.000000e+000
      vertex  1.036716e+001  1.860863e+001  0.000000e+000
    endloop
  endfacet
  facet normal  0.000000e+000  0.000000e+000 -1.000000e+000
    outer loop
      vertex  1.500000e+001 -1.900000e+001  0.000000e+000
      vertex  1.036716e+001 -1.860863e+001  0.000000e+000
      vertex  1.102876e+001 -1.829002e+001  0.000000e+000
    endloop
  endfacet
  facet normal  0.000000e+000  0.000000e+000 -1.000000e+000
    outer loop
      vertex  1.500000e+001 -1.900000e+001  0.000000e+000
      vertex  1.102876e+001 -1.829002e+001  0.000000e+000
      vertex  1.148660e+001 -1.771591e+001  0.000000e+000
    endloop
  endfacet
  facet normal  0.000000e+000  0.000000e+000 -1.000000e+000
    outer loop
      vertex  1.500000e+001 -1.900000e+001  0.000000e+000
      vertex  1.148660e+001 -1.771591e+001  0.000000e+000
      vertex  1.165000e+001 -1.700000e+001  0.000000e+000
    endloop
  endfacet
  facet normal  0.000000e+000  0.000000e+000 -1.000000e+000
    outer loop
      vertex  1.500000e+001 -1.900000e+001  0.000000e+000
      vertex  1.165000e+001 -1.700000e+001  0.000000e+000
      vertex  1.148660e+001 -1.628409e+001  0.000000e+000
    endloop
  endfacet
  facet normal  0.000000e+000  0.000000e+000 -1.000000e+000
    outer loop
      vertex  1.500000e+001 -1.900000e+001  0.000000e+000
      vertex  1.148660e+001 -1.628409e+001  0.000000e+000
      vertex  1.500000e+001 -1.650000e+001  0.000000e+000
    endloop
  endfacet
  facet normal  0.000000e+000  0.000000e+000 -9.999999e-001
    outer loop
      vertex -1.485317e+001  1.992705e+001  0.000000e+000
      vertex -1.300000e+001  1.900000e+001  0.000000e+000
      vertex -1.500000e+001  1.900000e+001  0.000000e+000
    endloop
  endfacet
  facet normal  0.000000e+000  0.000000e+000 -1.000000e+000
    outer loop
      vertex -1.500000e+001  1.900000e+001  0.000000e+000
      vertex -1.300000e+001  1.900000e+001  0.000000e+000
      vertex -1.500000e+001 -1.900000e+001  0.000000e+000
    endloop
  endfacet
  facet normal  -0.000000e+000  -0.000000e+000 -1.000000e+000
    outer loop
      vertex  8.632840e+000 -8.108631e+000  0.000000e+000
      vertex  9.367160e+000 -8.108631e+000  0.000000e+000
      vertex  9.632840e+000 -1.539137e+001  0.000000e+000
    endloop
  endfacet
  facet normal  0.000000e+000  0.000000e+000 -9.999999e-001
    outer loop
      vertex  9.632840e+000 -1.539137e+001  0.000000e+000
      vertex  9.367160e+000 -8.108631e+000  0.000000e+000
      vertex  1.002876e+001 -7.790022e+000  0.000000e+000
    endloop
  endfacet
  facet normal  0.000000e+000  -0.000000e+000 -1.000000e+000
    outer loop
      vertex  9.632840e+000 -1.539137e+001  0.000000e+000
      vertex  1.002876e+001 -7.790022e+000  0.000000e+000
      vertex  1.036716e+001 -1.539137e+001  0.000000e+000
    endloop
  endfacet
  facet normal  0.000000e+000  0.000000e+000 -1.000000e+000
    outer loop
      vertex  1.048660e+001 -5.784092e+000  0.000000e+000
      vertex  1.002876e+001 -5.209978e+000  0.000000e+000
      vertex  1.002876e+001  5.209978e+000  0.000000e+000
    endloop
  endfacet
  facet normal  0.000000e+000  -0.000000e+000 -9.999999e-001
    outer loop
      vertex  1.002876e+001  5.209978e+000  0.000000e+000
      vertex  1.002876e+001 -5.209978e+000  0.000000e+000
      vertex  9.367160e+000 -4.891369e+000  0.000000e+000
    endloop
  endfacet
  facet normal  0.000000e+000  0.000000e+000 -1.000000e+000
    outer loop
      vertex  1.002876e+001  5.209978e+000  0.000000e+000
      vertex  9.367160e+000 -4.891369e+000  0.000000e+000
      vertex  9.367160e+000  4.891369e+000  0.000000e+000
    endloop
  endfacet
  facet normal  0.000000e+000  -0.000000e+000 -9.999999e-001
    outer loop
      vertex  9.367160e+000  4.891369e+000  0.000000e+000
      vertex  9.367160e+000 -4.891369e+000  0.000000e+000
      vertex  0.000000e+000  2.000000e+000  0.000000e+000
    endloop
  endfacet
  facet normal  0.000000e+000  0.000000e+000 -1.000000e+000
    outer loop
      vertex  9.367160e+000  4.891369e+000  0.000000e+000
      vertex  0.000000e+000  2.000000e+000  0.000000e+000
      vertex  8.632840e+000  4.891369e+000  0.000000e+000
    endloop
  endfacet
  facet normal  0.000000e+000  0.000000e+000 -1.000000e+000
    outer loop
      vertex -1.442705e+001  2.076336e+001  0.000000e+000
      vertex -1.376336e+001  2.142705e+001  0.000000e+000
      vertex -1.485317e+001  1.992705e+001  0.000000e+000
    endloop
  endfacet
  facet normal  0.000000e+000  0.000000e+000 -1.000000e+000
    outer loop
      vertex -1.485317e+001  1.992705e+001  0.000000e+000
      vertex -1.376336e+001  2.142705e+001  0.000000e+000
      vertex -1.292705e+001  2.185317e+001  0.000000e+000
    endloop
  endfacet
  facet normal  0.000000e+000  0.000000e+000 -1.000000e+000
    outer loop
      vertex -1.485317e+001  1.992705e+001  0.000000e+000
      vertex -1.292705e+001  2.185317e+001  0.000000e+000
      vertex -1.300000e+001  1.900000e+001  0.000000e+000
    endloop
  endfacet
  facet normal  0.000000e+000  0.000000e+000 -9.999999e-001
    outer loop
      vertex -1.300000e+001  1.900000e+001  0.000000e+000
      vertex -1.292705e+001  2.185317e+001  0.000000e+000
      vertex -1.200000e+001  2.200000e+001  0.000000e+000
    endloop
  endfacet
  facet normal  0.000000e+000  -0.000000e+000 -1.000000e+000
    outer loop
      vertex -1.300000e+001  1.900000e+001  0.000000e+000
      vertex -1.200000e+001  2.200000e+001  0.000000e+000
      vertex  0.000000e+000  1.900000e+001  0.000000e+000
    endloop
  endfacet
  facet normal  0.000000e+000  0.000000e+000  1.000000e+000
    outer loop
      vertex -8.000000e+000  1.975000e+001  2.000000e+000
      vertex -1.450575e+001  2.064961e+001  2.000000e+000
      vertex -1.490474e+001  1.975000e+001  2.000000e+000
    endloop
  endfacet
  facet normal  -0.000000e+000  0.000000e+000  1.000000e+000
    outer loop
      vertex  1.500000e+000 -4.500000e+000  2.000000e+000
      vertex  1.500000e+000 -1.950000e+001  2.000000e+000
      vertex  2.000000e+000 -2.200000e+001  2.000000e+000
    endloop
  endfacet
  facet normal  0.000000e+000  -0.000000e+000  1.000000e+000
    outer loop
      vertex  1.500000e+000 -4.500000e+000  2.000000e+000
      vertex  2.000000e+000 -2.200000e+001  2.000000e+000
      vertex  2.000000e+000  2.200000e+001  2.000000e+000
    endloop
  endfacet
  facet normal  0.000000e+000  0.000000e+000  1.000000e+000
    outer loop
      vertex  1.500000e+000 -4.500000e+000  2.000000e+000
      vertex  2.000000e+000  2.200000e+001  2.000000e+000
      vertex  0.000000e+000  1.900000e+001  2.000000e+000
    endloop
  endfacet
  facet normal  0.000000e+000  0.000000e+000  1.000000e+000
    outer loop
      vertex  1.500000e+000 -4.500000e+000  2.000000e+000
      vertex  0.000000e+000  1.900000e+001  2.000000e+000
      vertex  0.000000e+000  2.000000e+000  2.000000e+000
    endloop
  endfacet
  facet normal  0.000000e+000  0.000000e+000  1.000000e+000
    outer loop
      vertex  1.500000e+000 -4.500000e+000  2.000000e+000
      vertex  0.000000e+000  2.000000e+000  2.000000e+000
      vertex -8.000000e+000  2.000000e+000  2.000000e+000
    endloop
  endfacet
  facet normal  0.000000e+000  0.000000e+000  1.000000e+000
    outer loop
      vertex  1.500000e+000 -4.500000e+000  2.000000e+000
      vertex -8.000000e+000  2.000000e+000  2.000000e+000
      vertex -8.000000e+000 -2.000000e+000  2.000000e+000
    endloop
  endfacet
  facet normal  0.000000e+000  0.000000e+000  1.000000e+000
    outer loop
      vertex  1.500000e+000 -4.500000e+000  2.000000e+000
      vertex -8.000000e+000 -2.000000e+000  2.000000e+000
      vertex -1.500000e+001 -2.000000e+000  2.000000e+000
    endloop
  endfacet
  facet normal  0.000000e+000  0.000000e+000  1.000000e+000
    outer loop
      vertex  1.500000e+000 -4.500000e+000  2.000000e+000
      vertex -1.500000e+001 -2.000000e+000  2.000000e+000
      vertex -8.500000e+000 -4.500000e+000  2.000000e+000
    endloop
  endfacet
  facet normal  0.000000e+000  0.000000e+000  1.000000e+000
    outer loop
      vertex  0.000000e+000  1.900000e+001  2.000000e+000
      vertex  2.000000e+000  2.200000e+001  2.000000e+000
      vertex -1.200000e+001  2.200000e+001  2.000000e+000
    endloop
  endfacet
  facet normal  0.000000e+000  0.000000e+000  1.000000e+000
    outer loop
      vertex  0.000000e+000  1.900000e+001  2.000000e+000
      vertex -1.200000e+001  2.200000e+001  2.000000e+000
      vertex -1.297079e+001  2.183858e+001  2.000000e+000
    endloop
  endfacet
  facet normal  0.000000e+000  0.000000e+000  1.000000e+000
    outer loop
      vertex  0.000000e+000  1.900000e+001  2.000000e+000
      vertex -1.297079e+001  2.183858e+001  2.000000e+000
      vertex -1.383712e+001  2.137171e+001  2.000000e+000
    endloop
  endfacet
  facet normal  0.000000e+000  0.000000e+000  1.000000e+000
    outer loop
      vertex  0.000000e+000  1.900000e+001  2.000000e+000
      vertex -1.383712e+001  2.137171e+001  2.000000e+000
      vertex -1.450575e+001  2.064961e+001  2.000000e+000
    endloop
  endfacet
  facet normal  0.000000e+000  0.000000e+000  1.000000e+000
    outer loop
      vertex  0.000000e+000  1.900000e+001  2.000000e+000
      vertex -1.450575e+001  2.064961e+001  2.000000e+000
      vertex -8.000000e+000  1.975000e+001  2.000000e+000
    endloop
  endfacet
  facet normal  0.000000e+000  0.000000e+000  1.000000e+000
    outer loop
      vertex  0.000000e+000  1.900000e+001  2.000000e+000
      vertex -8.000000e+000  1.975000e+001  2.000000e+000
      vertex -8.000000e+000  1.900000e+001  2.000000e+000
    endloop
  endfacet
  facet normal  0.000000e+000  0.000000e+000  1.000000e+000
    outer loop
      vertex  2.000000e+000 -2.200000e+001  2.000000e+000
      vertex  1.500000e+000 -1.950000e+001  2.000000e+000
      vertex -8.000000e+000 -1.950000e+001  2.000000e+000
    endloop
  endfacet
  facet normal  0.000000e+000  0.000000e+000  1.000000e+000
    outer loop
      vertex  2.000000e+000 -2.200000e+001  2.000000e+000
      vertex -8.000000e+000 -1.950000e+001  2.000000e+000
      vertex -8.000000e+000 -1.975000e+001  2.000000e+000
    endloop
  endfacet
  facet normal  0.000000e+000  0.000000e+000  9.999999e-001
    outer loop
      vertex  2.000000e+000 -2.200000e+001  2.000000e+000
      vertex -8.000000e+000 -1.975000e+001  2.000000e+000
      vertex -1.490474e+001 -1.975000e+001  2.000000e+000
    endloop
  endfacet
  facet normal  0.000000e+000  0.000000e+000  1.000000e+000
    outer loop
      vertex  2.000000e+000 -2.200000e+001  2.000000e+000
      vertex -1.490474e+001 -1.975000e+001  2.000000e+000
      vertex -1.450575e+001 -2.064961e+001  2.000000e+000
    endloop
  endfacet
  facet normal  0.000000e+000  0.000000e+000  1.000000e+000
    outer loop
      vertex  2.000000e+000 -2.200000e+001  2.000000e+000
      vertex -1.450575e+001 -2.064961e+001  2.000000e+000
      vertex -1.383712e+001 -2.137171e+001  2.000000e+000
    endloop
  endfacet
  facet normal  0.000000e+000  0.000000e+000  1.000000e+000
    outer loop
      vertex  2.000000e+000 -2.200000e+001  2.000000e+000
      vertex -1.383712e+001 -2.137171e+001  2.000000e+000
      vertex -1.297079e+001 -2.183858e+001  2.000000e+000
    endloop
  endfacet
  facet normal  0.000000e+000  0.000000e+000  1.000000e+000
    outer loop
      vertex  2.000000e+000 -2.200000e+001  2.000000e+000
      vertex -1.297079e+001 -2.183858e+001  2.000000e+000
      vertex -1.200000e+001 -2.200000e+001  2.000000e+000
    endloop
  endfacet
  facet normal  0.000000e+000  0.000000e+000  1.000000e+000
    outer loop
      vertex -1.500000e+001 -1.725000e+001  2.000000e+000
      vertex -8.500000e+000 -1.725000e+001  2.000000e+000
      vertex -1.500000e+001 -2.000000e+000  2.000000e+000
    endloop
  endfacet
  facet normal  0.000000e+000  0.000000e+000  1.000000e+000
    outer loop
      vertex -1.500000e+001 -2.000000e+000  2.000000e+000
      vertex -8.500000e+000 -1.725000e+001  2.000000e+000
      vertex -8.500000e+000 -4.500000e+000  2.000000e+000
    endloop
  endfacet
  facet normal  0.000000e+000  0.000000e+000  9.999999e-001
    outer loop
      vertex -1.500000e+001  2.000000e+000  2.000000e+000
      vertex -1.300000e+001  2.000000e+000  2.000000e+000
      vertex -1.500000e+001  1.725000e+001  2.000000e+000
    endloop
  endfacet
  facet normal  -0.000000e+000  0.000000e+000  9.999999e-001
    outer loop
      vertex -1.500000e+001  1.725000e+001  2.000000e+000
      vertex -1.300000e+001  2.000000e+000  2.000000e+000
      vertex -1.300000e+001  1.725000e+001  2.000000e+000
    endloop
  endfacet
  facet normal  0.000000e+000 -1.000000e+000  0.000000e+000
    outer loop
      vertex -1.500000e+001  1.725000e+001  3.000000e+000
      vertex -1.300000e+001  1.725000e+001  3.785714e+000
      vertex -1.700000e+001  1.725000e+001  3.000000e+000
    endloop
  endfacet
  facet normal  0.000000e+000 -1.000000e+000  0.000000e+000
    outer loop
      vertex -1.700000e+001  1.725000e+001  3.000000e+000
      vertex -1.300000e+001  1.725000e+001  3.785714e+000
      vertex -1.500000e+001  1.725000e+001  4.500000e+000
    endloop
  endfacet
  facet normal  -0.000000e+000 -1.000000e+000  0.000000e+000
    outer loop
      vertex -1.700000e+001  1.725000e+001  3.000000e+000
      vertex -1.500000e+001  1.725000e+001  4.500000e+000
      vertex -1.700000e+001  1.725000e+001  4.500000e+000
    endloop
  endfacet
  facet normal  0.000000e+000 -9.999999e-001  -0.000000e+000
    outer loop
      vertex -1.300000e+001  1.725000e+001  2.000000e+000
      vertex -1.300000e+001  1.725000e+001  3.785714e+000
      vertex -1.500000e+001  1.725000e+001  2.000000e+000
    endloop
  endfacet
  facet normal  0.000000e+000 -1.000000e+000  0.000000e+000
    outer loop
      vertex -1.500000e+001  1.725000e+001  2.000000e+000
      vertex -1.300000e+001  1.725000e+001  3.785714e+000
      vertex -1.500000e+001  1.725000e+001  3.000000e+000
    endloop
  endfacet
  facet normal  3.363364e-001  0.000000e+000  9.417420e-001
    outer loop
      vertex -1.500000e+001  1.725000e+001  4.500000e+000
      vertex -1.300000e+001  1.725000e+001  3.785714e+000
      vertex -1.500000e+001  1.975000e+001  4.500000e+000
    endloop
  endfacet
  facet normal  3.363363e-001  0.000000e+000  9.417419e-001
    outer loop
      vertex -1.500000e+001  1.975000e+001  4.500000e+000
      vertex -1.300000e+001  1.725000e+001  3.785714e+000
      vertex -1.300000e+001  1.900000e+001  3.785714e+000
    endloop
  endfacet
  facet normal  3.363364e-001  1.283022e-007  9.417419e-001
    outer loop
      vertex -1.500000e+001  1.975000e+001  4.500000e+000
      vertex -1.300000e+001  1.900000e+001  3.785714e+000
      vertex -8.000000e+000  1.975000e+001  2.000000e+000
    endloop
  endfacet
  facet normal  3.363364e-001  0.000000e+000  9.417419e-001
    outer loop
      vertex -8.000000e+000  1.975000e+001  2.000000e+000
      vertex -1.300000e+001  1.900000e+001  3.785714e+000
      vertex -8.000000e+000  1.900000e+001  2.000000e+000
    endloop
  endfacet
  facet normal  3.363364e-001  0.000000e+000  9.417419e-001
    outer loop
      vertex -1.500000e+001 -2.000000e+000  4.500000e+000
      vertex -8.000000e+000 -2.000000e+000  2.000000e+000
      vertex -1.500000e+001  2.000000e+000  4.500000e+000
    endloop
  endfacet
  facet normal  3.363364e-001  0.000000e+000  9.417419e-001
    outer loop
      vertex -1.500000e+001  2.000000e+000  4.500000e+000
      vertex -8.000000e+000 -2.000000e+000  2.000000e+000
      vertex -8.000000e+000  2.000000e+000  2.000000e+000
    endloop
  endfacet
  facet normal  1.000000e+000  0.000000e+000  0.000000e+000
    outer loop
      vertex -1.300000e+001  2.000000e+000  0.000000e+000
      vertex -1.300000e+001  1.900000e+001  0.000000e+000
      vertex -1.300000e+001  2.000000e+000  2.000000e+000
    endloop
  endfacet
  facet normal  9.999999e-001  -0.000000e+000  0.000000e+000
    outer loop
      vertex -1.300000e+001  2.000000e+000  2.000000e+000
      vertex -1.300000e+001  1.900000e+001  0.000000e+000
      vertex -1.300000e+001  1.725000e+001  2.000000e+000
    endloop
  endfacet
  facet normal  1.000000e+000  0.000000e+000  0.000000e+000
    outer loop
      vertex -1.300000e+001  1.900000e+001  0.000000e+000
      vertex -1.300000e+001  1.900000e+001  3.785714e+000
      vertex -1.300000e+001  1.725000e+001  2.000000e+000
    endloop
  endfacet
  facet normal  9.999999e-001  0.000000e+000  0.000000e+000
    outer loop
      vertex -1.300000e+001  1.725000e+001  2.000000e+000
      vertex -1.300000e+001  1.900000e+001  3.785714e+000
      vertex -1.300000e+001  1.725000e+001  3.785714e+000
    endloop
  endfacet
  facet normal  0.000000e+000 -1.000000e+000  0.000000e+000
    outer loop
      vertex -1.300000e+001  1.900000e+001  3.785714e+000
      vertex -1.300000e+001  1.900000e+001  0.000000e+000
      vertex -8.000000e+000  1.900000e+001  2.000000e+000
    endloop
  endfacet
  facet normal  0.000000e+000 -1.000000e+000  -0.000000e+000
    outer loop
      vertex -8.000000e+000  1.900000e+001  2.000000e+000
      vertex -1.300000e+001  1.900000e+001  0.000000e+000
      vertex  0.000000e+000  1.900000e+001  0.000000e+000
    endloop
  endfacet
  facet normal  0.000000e+000 -1.000000e+000  0.000000e+000
    outer loop
      vertex -8.000000e+000  1.900000e+001  2.000000e+000
      vertex  0.000000e+000  1.900000e+001  0.000000e+000
      vertex  0.000000e+000  1.900000e+001  2.000000e+000
    endloop
  endfacet
  facet normal -1.000000e+000  -0.000000e+000  0.000000e+000
    outer loop
      vertex  0.000000e+000  2.000000e+000  2.000000e+000
      vertex  0.000000e+000  1.900000e+001  2.000000e+000
      vertex  0.000000e+000  2.000000e+000  0.000000e+000
    endloop
  endfacet
  facet normal -1.000000e+000  0.000000e+000  0.000000e+000
    outer loop
      vertex  0.000000e+000  2.000000e+000  0.000000e+000
      vertex  0.000000e+000  1.900000e+001  2.000000e+000
      vertex  0.000000e+000  1.900000e+001  0.000000e+000
    endloop
  endfacet
  facet normal  3.363364e-001  0.000000e+000  9.417419e-001
    outer loop
      vertex -8.500000e+000 -1.725000e+001  2.178571e+000
      vertex -1.500000e+001 -1.725000e+001  4.500000e+000
      vertex -8.500000e+000 -1.950000e+001  2.178571e+000
    endloop
  endfacet
  facet normal  3.363364e-001  0.000000e+000  9.417419e-001
    outer loop
      vertex -8.500000e+000 -1.950000e+001  2.178571e+000
      vertex -1.500000e+001 -1.725000e+001  4.500000e+000
      vertex -1.500000e+001 -1.975000e+001  4.500000e+000
    endloop
  endfacet
  facet normal  3.363365e-001  0.000000e+000  9.417419e-001
    outer loop
      vertex -8.500000e+000 -1.950000e+001  2.178571e+000
      vertex -1.500000e+001 -1.975000e+001  4.500000e+000
      vertex -8.000000e+000 -1.950000e+001  2.000000e+000
    endloop
  endfacet
  facet normal  3.363364e-001  0.000000e+000  9.417419e-001
    outer loop
      vertex -8.000000e+000 -1.950000e+001  2.000000e+000
      vertex -1.500000e+001 -1.975000e+001  4.500000e+000
      vertex -8.000000e+000 -1.975000e+001  2.000000e+000
    endloop
  endfacet
  facet normal  0.000000e+000  1.000000e+000  0.000000e+000
    outer loop
      vertex -1.500000e+001 -1.725000e+001  4.500000e+000
      vertex -8.500000e+000 -1.725000e+001  2.178571e+000
      vertex -1.500000e+001 -1.725000e+001  3.000000e+000
    endloop
  endfacet
  facet normal  0.000000e+000  1.000000e+000  -0.000000e+000
    outer loop
      vertex -1.500000e+001 -1.725000e+001  4.500000e+000
      vertex -1.500000e+001 -1.725000e+001  3.000000e+000
      vertex -1.700000e+001 -1.725000e+001  3.000000e+000
    endloop
  endfacet
  facet normal  0.000000e+000  1.000000e+000  0.000000e+000
    outer loop
      vertex -1.500000e+001 -1.725000e+001  4.500000e+000
      vertex -1.700000e+001 -1.725000e+001  3.000000e+000
      vertex -1.700000e+001 -1.725000e+001  4.500000e+000
    endloop
  endfacet
  facet normal  0.000000e+000  1.000000e+000  -0.000000e+000
    outer loop
      vertex -8.500000e+000 -1.725000e+001  2.178571e+000
      vertex -8.500000e+000 -1.725000e+001  2.000000e+000
      vertex -1.500000e+001 -1.725000e+001  3.000000e+000
    endloop
  endfacet
  facet normal  0.000000e+000  1.000000e+000  0.000000e+000
    outer loop
      vertex -1.500000e+001 -1.725000e+001  3.000000e+000
      vertex -8.500000e+000 -1.725000e+001  2.000000e+000
      vertex -1.500000e+001 -1.725000e+001  2.000000e+000
    endloop
  endfacet
  facet normal  0.000000e+000  1.000000e+000  0.000000e+000
    outer loop
      vertex -8.500000e+000 -1.950000e+001  2.178571e+000
      vertex -8.000000e+000 -1.950000e+001  2.000000e+000
      vertex -8.500000e+000 -1.950000e+001  0.000000e+000
    endloop
  endfacet
  facet normal  0.000000e+000  1.000000e+000  0.000000e+000
    outer loop
      vertex -8.500000e+000 -1.950000e+001  0.000000e+000
      vertex -8.000000e+000 -1.950000e+001  2.000000e+000
      vertex  1.500000e+000 -1.950000e+001  2.000000e+000
    endloop
  endfacet
  facet normal  0.000000e+000  1.000000e+000  0.000000e+000
    outer loop
      vertex -8.500000e+000 -1.950000e+001  0.000000e+000
      vertex  1.500000e+000 -1.950000e+001  2.000000e+000
      vertex  1.500000e+000 -1.950000e+001  0.000000e+000
    endloop
  endfacet
  facet normal  1.000000e+000  0.000000e+000  0.000000e+000
    outer loop
      vertex -8.500000e+000 -1.950000e+001  2.178571e+000
      vertex -8.500000e+000 -1.950000e+001  0.000000e+000
      vertex -8.500000e+000 -1.725000e+001  2.178571e+000
    endloop
  endfacet
  facet normal  1.000000e+000  0.000000e+000  0.000000e+000
    outer loop
      vertex -8.500000e+000 -1.725000e+001  2.178571e+000
      vertex -8.500000e+000 -1.950000e+001  0.000000e+000
      vertex -8.500000e+000 -1.725000e+001  2.000000e+000
    endloop
  endfacet
  facet normal  1.000000e+000  0.000000e+000  0.000000e+000
    outer loop
      vertex -8.500000e+000 -1.950000e+001  0.000000e+000
      vertex -8.500000e+000 -4.500000e+000  0.000000e+000
      vertex -8.500000e+000 -1.725000e+001  2.000000e+000
    endloop
  endfacet
  facet normal  1.000000e+000  -0.000000e+000  0.000000e+000
    outer loop
      vertex -8.500000e+000 -1.725000e+001  2.000000e+000
      vertex -8.500000e+000 -4.500000e+000  0.000000e+000
      vertex -8.500000e+000 -4.500000e+000  2.000000e+000
    endloop
  endfacet
  facet normal  0.000000e+000 -1.000000e+000  0.000000e+000
    outer loop
      vertex  1.500000e+000 -4.500000e+000  2.000000e+000
      vertex -8.500000e+000 -4.500000e+000  2.000000e+000
      vertex  1.500000e+000 -4.500000e+000  0.000000e+000
    endloop
  endfacet
  facet normal  0.000000e+000 -1.000000e+000  0.000000e+000
    outer loop
      vertex  1.500000e+000 -4.500000e+000  0.000000e+000
      vertex -8.500000e+000 -4.500000e+000  2.000000e+000
      vertex -8.500000e+000 -4.500000e+000  0.000000e+000
    endloop
  endfacet
  facet normal -1.000000e+000  -0.000000e+000  0.000000e+000
    outer loop
      vertex  1.500000e+000 -1.950000e+001  2.000000e+000
      vertex  1.500000e+000 -4.500000e+000  2.000000e+000
      vertex  1.500000e+000 -1.950000e+001  0.000000e+000
    endloop
  endfacet
  facet normal -1.000000e+000  0.000000e+000  0.000000e+000
    outer loop
      vertex  1.500000e+000 -1.950000e+001  0.000000e+000
      vertex  1.500000e+000 -4.500000e+000  2.000000e+000
      vertex  1.500000e+000 -4.500000e+000  0.000000e+000
    endloop
  endfacet
  facet normal  0.000000e+000  0.000000e+000  1.000000e+000
    outer loop
      vertex  9.000000e+000  1.350000e+001  5.000000e+000
      vertex  1.023607e+001  1.330423e+001  5.000000e+000
      vertex  9.632840e+000  1.539137e+001  5.000000e+000
    endloop
  endfacet
  facet normal  0.000000e+000  -0.000000e+000  1.000000e+000
    outer loop
      vertex  7.763932e+000  1.330423e+001  5.000000e+000
      vertex  9.000000e+000  1.350000e+001  5.000000e+000
      vertex  9.632840e+000  1.539137e+001  5.000000e+000
    endloop
  endfacet
  facet normal  0.000000e+000  0.000000e+000  1.000000e+000
    outer loop
      vertex  9.632840e+000  1.539137e+001  5.000000e+000
      vertex  6.648859e+000  1.273607e+001  5.000000e+000
      vertex  7.763932e+000  1.330423e+001  5.000000e+000
    endloop
  endfacet
  facet normal  0.000000e+000  0.000000e+000  1.000000e+000
    outer loop
      vertex  1.200000e+001  2.000000e+001  5.000000e+000
      vertex  1.036716e+001  1.860863e+001  5.000000e+000
      vertex  1.250000e+001  1.986603e+001  5.000000e+000
    endloop
  endfacet
  facet normal  0.000000e+000  0.000000e+000  1.000000e+000
    outer loop
      vertex  6.648859e+000  1.273607e+001  5.000000e+000
      vertex  9.632840e+000  1.539137e+001  5.000000e+000
      vertex  8.971242e+000  1.570998e+001  5.000000e+000
    endloop
  endfacet
  facet normal  0.000000e+000  0.000000e+000  1.000000e+000
    outer loop
      vertex  8.971242e+000 -1.570998e+001  5.000000e+000
      vertex  9.632840e+000 -1.539137e+001  5.000000e+000
      vertex  9.000000e+000 -1.350000e+001  5.000000e+000
    endloop
  endfacet
  facet normal  0.000000e+000  0.000000e+000  1.000000e+000
    outer loop
      vertex  1.300000e+001  1.281579e+001  5.000000e+000
      vertex  1.148660e+001  1.771591e+001  5.000000e+000
      vertex  1.165000e+001  1.700000e+001  5.000000e+000
    endloop
  endfacet
  facet normal  0.000000e+000  0.000000e+000  1.000000e+000
    outer loop
      vertex  1.300000e+001  1.281579e+001  5.000000e+000
      vertex  1.165000e+001  1.700000e+001  5.000000e+000
      vertex  1.148660e+001  1.628409e+001  5.000000e+000
    endloop
  endfacet
  facet normal  0.000000e+000  0.000000e+000  9.999999e-001
    outer loop
      vertex  1.300000e+001  1.281579e+001  5.000000e+000
      vertex  1.148660e+001  1.628409e+001  5.000000e+000
      vertex  1.102876e+001  1.570998e+001  5.000000e+000
    endloop
  endfacet
  facet normal  0.000000e+000  0.000000e+000  1.000000e+000
    outer loop
      vertex  1.300000e+001  1.281579e+001  5.000000e+000
      vertex  1.102876e+001  1.570998e+001  5.000000e+000
      vertex  1.036716e+001  1.539137e+001  5.000000e+000
    endloop
  endfacet
  facet normal  0.000000e+000  0.000000e+000  1.000000e+000
    outer loop
      vertex  1.300000e+001  1.281579e+001  5.000000e+000
      vertex  1.036716e+001  1.539137e+001  5.000000e+000
      vertex  9.632840e+000  1.539137e+001  5.000000e+000
    endloop
  endfacet
  facet normal  0.000000e+000  0.000000e+000  1.000000e+000
    outer loop
      vertex  1.300000e+001  1.281579e+001  5.000000e+000
      vertex  9.632840e+000  1.539137e+001  5.000000e+000
      vertex  1.023607e+001  1.330423e+001  5.000000e+000
    endloop
  endfacet
  facet normal  0.000000e+000  0.000000e+000  1.000000e+000
    outer loop
      vertex  1.300000e+001  1.281579e+001  5.000000e+000
      vertex  1.023607e+001  1.330423e+001  5.000000e+000
      vertex  1.135114e+001  1.273607e+001  5.000000e+000
    endloop
  endfacet
  facet normal  -0.000000e+000  0.000000e+000  1.000000e+000
    outer loop
      vertex  1.300000e+001  1.281579e+001  5.000000e+000
      vertex  1.135114e+001  1.273607e+001  5.000000e+000
      vertex  1.223607e+001  1.185114e+001  5.000000e+000
    endloop
  endfacet
  facet normal  -0.000000e+000  0.000000e+000  1.000000e+000
    outer loop
      vertex  1.300000e+001  1.281579e+001  5.000000e+000
      vertex  1.223607e+001  1.185114e+001  5.000000e+000
      vertex  1.280423e+001  1.073607e+001  5.000000e+000
    endloop
  endfacet
  facet normal  -0.000000e+000  0.000000e+000  1.000000e+000
    outer loop
      vertex  1.300000e+001  1.281579e+001  5.000000e+000
      vertex  1.280423e+001  1.073607e+001  5.000000e+000
      vertex  1.300000e+001  9.500000e+000  5.000000e+000
    endloop
  endfacet
  facet normal  -0.000000e+000  0.000000e+000  1.000000e+000
    outer loop
      vertex  1.036716e+001 -1.860863e+001  5.000000e+000
      vertex  9.632840e+000 -1.860863e+001  5.000000e+000
      vertex  4.000000e+000 -2.000000e+001  5.000000e+000
    endloop
  endfacet
  facet normal  0.000000e+000  0.000000e+000  1.000000e+000
    outer loop
      vertex  1.036716e+001 -1.860863e+001  5.000000e+000
      vertex  4.000000e+000 -2.000000e+001  5.000000e+000
      vertex  1.200000e+001 -2.000000e+001  5.000000e+000
    endloop
  endfacet
  facet normal  0.000000e+000  -0.000000e+000  9.999999e-001
    outer loop
      vertex  1.036716e+001 -1.860863e+001  5.000000e+000
      vertex  1.200000e+001 -2.000000e+001  5.000000e+000
      vertex  1.250000e+001 -1.986603e+001  5.000000e+000
    endloop
  endfacet
  facet normal  0.000000e+000  -0.000000e+000  1.000000e+000
    outer loop
      vertex  1.036716e+001 -1.860863e+001  5.000000e+000
      vertex  1.250000e+001 -1.986603e+001  5.000000e+000
      vertex  1.286602e+001 -1.950000e+001  5.000000e+000
    endloop
  endfacet
  facet normal  0.000000e+000  -0.000000e+000  1.000000e+000
    outer loop
      vertex  1.036716e+001 -1.860863e+001  5.000000e+000
      vertex  1.286602e+001 -1.950000e+001  5.000000e+000
      vertex  1.300000e+001 -1.900000e+001  5.000000e+000
    endloop
  endfacet
  facet normal  -0.000000e+000  0.000000e+000  1.000000e+000
    outer loop
      vertex  1.023607e+001 -1.330423e+001  5.000000e+000
      vertex  9.000000e+000 -1.350000e+001  5.000000e+000
      vertex  9.632840e+000 -1.539137e+001  5.000000e+000
    endloop
  endfacet
  facet normal  0.000000e+000  0.000000e+000  9.999999e-001
    outer loop
      vertex  1.023607e+001 -1.330423e+001  5.000000e+000
      vertex  9.632840e+000 -1.539137e+001  5.000000e+000
      vertex  1.036716e+001 -1.539137e+001  5.000000e+000
    endloop
  endfacet
  facet normal  -0.000000e+000  -0.000000e+000  1.000000e+000
    outer loop
      vertex  1.023607e+001 -1.330423e+001  5.000000e+000
      vertex  1.036716e+001 -1.539137e+001  5.000000e+000
      vertex  1.102876e+001 -1.570998e+001  5.000000e+000
    endloop
  endfacet
  facet normal  -0.000000e+000  -0.000000e+000  1.000000e+000
    outer loop
      vertex  1.023607e+001 -1.330423e+001  5.000000e+000
      vertex  1.102876e+001 -1.570998e+001  5.000000e+000
      vertex  1.148660e+001 -1.628409e+001  5.000000e+000
    endloop
  endfacet
  facet normal  -0.000000e+000  -0.000000e+000  1.000000e+000
    outer loop
      vertex  1.023607e+001 -1.330423e+001  5.000000e+000
      vertex  1.148660e+001 -1.628409e+001  5.000000e+000
      vertex  1.300000e+001 -1.900000e+001  5.000000e+000
    endloop
  endfacet
  facet normal  0.000000e+000  0.000000e+000  9.999999e-001
    outer loop
      vertex  1.300000e+001 -1.900000e+001  5.000000e+000
      vertex  1.148660e+001 -1.628409e+001  5.000000e+000
      vertex  1.165000e+001 -1.700000e+001  5.000000e+000
    endloop
  endfacet
  facet normal  0.000000e+000  0.000000e+000  1.000000e+000
    outer loop
      vertex  1.300000e+001 -1.900000e+001  5.000000e+000
      vertex  1.165000e+001 -1.700000e+001  5.000000e+000
      vertex  1.148660e+001 -1.771591e+001  5.000000e+000
    endloop
  endfacet
  facet normal  0.000000e+000  0.000000e+000  1.000000e+000
    outer loop
      vertex  1.300000e+001 -1.900000e+001  5.000000e+000
      vertex  1.148660e+001 -1.771591e+001  5.000000e+000
      vertex  1.102876e+001 -1.829002e+001  5.000000e+000
    endloop
  endfacet
  facet normal  0.000000e+000  0.000000e+000  1.000000e+000
    outer loop
      vertex  1.300000e+001 -1.900000e+001  5.000000e+000
      vertex  1.102876e+001 -1.829002e+001  5.000000e+000
      vertex  1.036716e+001 -1.860863e+001  5.000000e+000
    endloop
  endfacet
  facet normal  0.000000e+000  0.000000e+000  1.000000e+000
    outer loop
      vertex  1.300000e+001 -1.900000e+001  5.000000e+000
      vertex  1.300000e+001 -9.500000e+000  5.000000e+000
      vertex  1.280423e+001 -1.073607e+001  5.000000e+000
    endloop
  endfacet
  facet normal  0.000000e+000  0.000000e+000  1.000000e+000
    outer loop
      vertex  1.300000e+001 -1.900000e+001  5.000000e+000
      vertex  1.280423e+001 -1.073607e+001  5.000000e+000
      vertex  1.223607e+001 -1.185114e+001  5.000000e+000
    endloop
  endfacet
  facet normal  0.000000e+000  0.000000e+000  1.000000e+000
    outer loop
      vertex  1.300000e+001 -1.900000e+001  5.000000e+000
      vertex  1.223607e+001 -1.185114e+001  5.000000e+000
      vertex  1.135114e+001 -1.273607e+001  5.000000e+000
    endloop
  endfacet
  facet normal  0.000000e+000  0.000000e+000  1.000000e+000
    outer loop
      vertex  1.300000e+001 -1.900000e+001  5.000000e+000
      vertex  1.135114e+001 -1.273607e+001  5.000000e+000
      vertex  1.023607e+001 -1.330423e+001  5.000000e+000
    endloop
  endfacet
  facet normal  0.000000e+000  -0.000000e+000  1.000000e+000
    outer loop
      vertex  5.763932e+000  1.185114e+001  5.000000e+000
      vertex  6.648859e+000  1.273607e+001  5.000000e+000
      vertex  8.971242e+000  1.570998e+001  5.000000e+000
    endloop
  endfacet
  facet normal  0.000000e+000  0.000000e+000  9.999999e-001
    outer loop
      vertex  5.763932e+000  1.185114e+001  5.000000e+000
      vertex  8.971242e+000  1.570998e+001  5.000000e+000
      vertex  8.513401e+000  1.628409e+001  5.000000e+000
    endloop
  endfacet
  facet normal  0.000000e+000  0.000000e+000  1.000000e+000
    outer loop
      vertex  5.763932e+000  1.185114e+001  5.000000e+000
      vertex  8.513401e+000  1.628409e+001  5.000000e+000
      vertex  8.350000e+000  1.700000e+001  5.000000e+000
    endloop
  endfacet
  facet normal  0.000000e+000  -0.000000e+000  1.000000e+000
    outer loop
      vertex  5.763932e+000  1.185114e+001  5.000000e+000
      vertex  8.350000e+000  1.700000e+001  5.000000e+000
      vertex  8.513401e+000  1.771591e+001  5.000000e+000
    endloop
  endfacet
  facet normal  0.000000e+000  0.000000e+000  1.000000e+000
    outer loop
      vertex  5.763932e+000  1.185114e+001  5.000000e+000
      vertex  8.513401e+000  1.771591e+001  5.000000e+000
      vertex  5.195774e+000  1.073607e+001  5.000000e+000
    endloop
  endfacet
  facet normal  0.000000e+000  0.000000e+000  1.000000e+000
    outer loop
      vertex  4.000000e+000  2.000000e+001  5.000000e+000
      vertex  4.000000e+000 -2.000000e+001  5.000000e+000
      vertex  5.000000e+000 -9.500000e+000  5.000000e+000
    endloop
  endfacet
  facet normal  0.000000e+000  -0.000000e+000  1.000000e+000
    outer loop
      vertex  4.000000e+000  2.000000e+001  5.000000e+000
      vertex  5.000000e+000 -9.500000e+000  5.000000e+000
      vertex  5.000000e+000  9.500000e+000  5.000000e+000
    endloop
  endfacet
  facet normal  0.000000e+000  -0.000000e+000  1.000000e+000
    outer loop
      vertex  4.000000e+000  2.000000e+001  5.000000e+000
      vertex  5.000000e+000  9.500000e+000  5.000000e+000
      vertex  5.195774e+000  1.073607e+001  5.000000e+000
    endloop
  endfacet
  facet normal  0.000000e+000  -0.000000e+000  1.000000e+000
    outer loop
      vertex  4.000000e+000  2.000000e+001  5.000000e+000
      vertex  5.195774e+000  1.073607e+001  5.000000e+000
      vertex  8.513401e+000  1.771591e+001  5.000000e+000
    endloop
  endfacet
  facet normal  0.000000e+000  -0.000000e+000  1.000000e+000
    outer loop
      vertex  4.000000e+000  2.000000e+001  5.000000e+000
      vertex  8.513401e+000  1.771591e+001  5.000000e+000
      vertex  8.971242e+000  1.829002e+001  5.000000e+000
    endloop
  endfacet
  facet normal  0.000000e+000  -0.000000e+000  1.000000e+000
    outer loop
      vertex  4.000000e+000  2.000000e+001  5.000000e+000
      vertex  8.971242e+000  1.829002e+001  5.000000e+000
      vertex  9.632840e+000  1.860863e+001  5.000000e+000
    endloop
  endfacet
  facet normal  0.000000e+000  -0.000000e+000  1.000000e+000
    outer loop
      vertex  4.000000e+000  2.000000e+001  5.000000e+000
      vertex  9.632840e+000  1.860863e+001  5.000000e+000
      vertex  1.036716e+001  1.860863e+001  5.000000e+000
    endloop
  endfacet
  facet normal  0.000000e+000  -0.000000e+000  1.000000e+000
    outer loop
      vertex  4.000000e+000  2.000000e+001  5.000000e+000
      vertex  1.036716e+001  1.860863e+001  5.000000e+000
      vertex  1.200000e+001  2.000000e+001  5.000000e+000
    endloop
  endfacet
  facet normal  0.000000e+000  0.000000e+000  1.000000e+000
    outer loop
      vertex  4.000000e+000 -2.000000e+001  5.000000e+000
      vertex  9.632840e+000 -1.860863e+001  5.000000e+000
      vertex  8.971242e+000 -1.829002e+001  5.000000e+000
    endloop
  endfacet
  facet normal  0.000000e+000  0.000000e+000  1.000000e+000
    outer loop
      vertex  4.000000e+000 -2.000000e+001  5.000000e+000
      vertex  8.971242e+000 -1.829002e+001  5.000000e+000
      vertex  8.513401e+000 -1.771591e+001  5.000000e+000
    endloop
  endfacet
  facet normal  0.000000e+000  0.000000e+000  1.000000e+000
    outer loop
      vertex  4.000000e+000 -2.000000e+001  5.000000e+000
      vertex  8.513401e+000 -1.771591e+001  5.000000e+000
      vertex  8.350000e+000 -1.700000e+001  5.000000e+000
    endloop
  endfacet
  facet normal  0.000000e+000  -0.000000e+000  1.000000e+000
    outer loop
      vertex  4.000000e+000 -2.000000e+001  5.000000e+000
      vertex  8.350000e+000 -1.700000e+001  5.000000e+000
      vertex  8.513401e+000 -1.628409e+001  5.000000e+000
    endloop
  endfacet
  facet normal  0.000000e+000  -0.000000e+000  1.000000e+000
    outer loop
      vertex  4.000000e+000 -2.000000e+001  5.000000e+000
      vertex  8.513401e+000 -1.628409e+001  5.000000e+000
      vertex  8.971242e+000 -1.570998e+001  5.000000e+000
    endloop
  endfacet
  facet normal  0.000000e+000  -0.000000e+000  1.000000e+000
    outer loop
      vertex  4.000000e+000 -2.000000e+001  5.000000e+000
      vertex  8.971242e+000 -1.570998e+001  5.000000e+000
      vertex  9.000000e+000 -1.350000e+001  5.000000e+000
    endloop
  endfacet
  facet normal  0.000000e+000  0.000000e+000  1.000000e+000
    outer loop
      vertex  4.000000e+000 -2.000000e+001  5.000000e+000
      vertex  9.000000e+000 -1.350000e+001  5.000000e+000
      vertex  7.763932e+000 -1.330423e+001  5.000000e+000
    endloop
  endfacet
  facet normal  0.000000e+000  0.000000e+000  9.999999e-001
    outer loop
      vertex  4.000000e+000 -2.000000e+001  5.000000e+000
      vertex  7.763932e+000 -1.330423e+001  5.000000e+000
      vertex  6.648859e+000 -1.273607e+001  5.000000e+000
    endloop
  endfacet
  facet normal  0.000000e+000  0.000000e+000  1.000000e+000
    outer loop
      vertex  4.000000e+000 -2.000000e+001  5.000000e+000
      vertex  6.648859e+000 -1.273607e+001  5.000000e+000
      vertex  5.763932e+000 -1.185114e+001  5.000000e+000
    endloop
  endfacet
  facet normal  0.000000e+000  0.000000e+000  1.000000e+000
    outer loop
      vertex  4.000000e+000 -2.000000e+001  5.000000e+000
      vertex  5.763932e+000 -1.185114e+001  5.000000e+000
      vertex  5.195774e+000 -1.073607e+001  5.000000e+000
    endloop
  endfacet
  facet normal  0.000000e+000  0.000000e+000  1.000000e+000
    outer loop
      vertex  4.000000e+000 -2.000000e+001  5.000000e+000
      vertex  5.195774e+000 -1.073607e+001  5.000000e+000
      vertex  5.000000e+000 -9.500000e+000  5.000000e+000
    endloop
  endfacet
  facet normal  0.000000e+000  0.000000e+000  1.000000e+000
    outer loop
      vertex  1.300000e+001  1.900000e+001  5.000000e+000
      vertex  1.286602e+001  1.950000e+001  5.000000e+000
      vertex  1.250000e+001  1.986603e+001  5.000000e+000
    endloop
  endfacet
  facet normal  0.000000e+000  0.000000e+000  1.000000e+000
    outer loop
      vertex  1.300000e+001  1.900000e+001  5.000000e+000
      vertex  1.250000e+001  1.986603e+001  5.000000e+000
      vertex  1.036716e+001  1.860863e+001  5.000000e+000
    endloop
  endfacet
  facet normal  -0.000000e+000  0.000000e+000  1.000000e+000
    outer loop
      vertex  1.300000e+001  1.900000e+001  5.000000e+000
      vertex  1.036716e+001  1.860863e+001  5.000000e+000
      vertex  1.102876e+001  1.829002e+001  5.000000e+000
    endloop
  endfacet
  facet normal  -0.000000e+000  0.000000e+000  1.000000e+000
    outer loop
      vertex  1.300000e+001  1.900000e+001  5.000000e+000
      vertex  1.102876e+001  1.829002e+001  5.000000e+000
      vertex  1.148660e+001  1.771591e+001  5.000000e+000
    endloop
  endfacet
  facet normal  -0.000000e+000  0.000000e+000  9.999999e-001
    outer loop
      vertex  1.300000e+001  1.900000e+001  5.000000e+000
      vertex  1.148660e+001  1.771591e+001  5.000000e+000
      vertex  1.300000e+001  1.281579e+001  5.000000e+000
    endloop
  endfacet
  facet normal  0.000000e+000  1.000000e+000  0.000000e+000
    outer loop
      vertex  4.000000e+000  2.000000e+001  5.000000e+000
      vertex  3.000000e+000  2.000000e+001  3.000000e+000
      vertex  3.000000e+000  2.000000e+001  4.000000e+000
    endloop
  endfacet
  facet normal  0.000000e+000  1.000000e+000  0.000000e+000
    outer loop
      vertex  1.200000e+001  2.000000e+001  5.000000e+000
      vertex  1.242290e+001  2.000000e+001  4.914252e+000
      vertex  1.294381e+001  2.000000e+001  4.624944e+000
    endloop
  endfacet
  facet normal  0.000000e+000  9.999999e-001  0.000000e+000
    outer loop
      vertex  1.200000e+001  2.000000e+001  5.000000e+000
      vertex  1.294381e+001  2.000000e+001  4.624944e+000
      vertex  1.361116e+001  2.000000e+001  4.103734e+000
    endloop
  endfacet
  facet normal  0.000000e+000  1.000000e+000  0.000000e+000
    outer loop
      vertex  1.200000e+001  2.000000e+001  5.000000e+000
      vertex  1.361116e+001  2.000000e+001  4.103734e+000
      vertex  1.482843e+001  2.000000e+001  3.000000e+000
    endloop
  endfacet
  facet normal  0.000000e+000  1.000000e+000  0.000000e+000
    outer loop
      vertex  1.200000e+001  2.000000e+001  5.000000e+000
      vertex  1.482843e+001  2.000000e+001  3.000000e+000
      vertex  3.000000e+000  2.000000e+001  3.000000e+000
    endloop
  endfacet
  facet normal  0.000000e+000  1.000000e+000  0.000000e+000
    outer loop
      vertex  1.200000e+001  2.000000e+001  5.000000e+000
      vertex  3.000000e+000  2.000000e+001  3.000000e+000
      vertex  4.000000e+000  2.000000e+001  5.000000e+000
    endloop
  endfacet
  facet normal  0.000000e+000 -1.000000e+000  0.000000e+000
    outer loop
      vertex  3.000000e+000 -2.000000e+001  4.000000e+000
      vertex  3.000000e+000 -2.000000e+001  3.000000e+000
      vertex  4.000000e+000 -2.000000e+001  5.000000e+000
    endloop
  endfacet
  facet normal  0.000000e+000 -1.000000e+000  -0.000000e+000
    outer loop
      vertex  1.200000e+001 -2.000000e+001  5.000000e+000
      vertex  4.000000e+000 -2.000000e+001  5.000000e+000
      vertex  3.000000e+000 -2.000000e+001  3.000000e+000
    endloop
  endfacet
  facet normal  0.000000e+000 -1.000000e+000  0.000000e+000
    outer loop
      vertex  1.200000e+001 -2.000000e+001  5.000000e+000
      vertex  3.000000e+000 -2.000000e+001  3.000000e+000
      vertex  1.482843e+001 -2.000000e+001  3.000000e+000
    endloop
  endfacet
  facet normal  0.000000e+000 -1.000000e+000  0.000000e+000
    outer loop
      vertex  1.200000e+001 -2.000000e+001  5.000000e+000
      vertex  1.482843e+001 -2.000000e+001  3.000000e+000
      vertex  1.361116e+001 -2.000000e+001  4.103734e+000
    endloop
  endfacet
  facet normal  0.000000e+000 -9.999999e-001  0.000000e+000
    outer loop
      vertex  1.200000e+001 -2.000000e+001  5.000000e+000
      vertex  1.361116e+001 -2.000000e+001  4.103734e+000
      vertex  1.294381e+001 -2.000000e+001  4.624944e+000
    endloop
  endfacet
  facet normal  0.000000e+000 -1.000000e+000  0.000000e+000
    outer loop
      vertex  1.200000e+001 -2.000000e+001  5.000000e+000
      vertex  1.294381e+001 -2.000000e+001  4.624944e+000
      vertex  1.242290e+001 -2.000000e+001  4.914252e+000
    endloop
  endfacet
  facet normal -1.000000e+000  -0.000000e+000  0.000000e+000
    outer loop
      vertex  3.000000e+000 -2.000000e+001  4.000000e+000
      vertex  3.000000e+000  2.000000e+001  4.000000e+000
      vertex  3.000000e+000 -2.000000e+001  3.000000e+000
    endloop
  endfacet
  facet normal -1.000000e+000  0.000000e+000  0.000000e+000
    outer loop
      vertex  3.000000e+000 -2.000000e+001  3.000000e+000
      vertex  3.000000e+000  2.000000e+001  4.000000e+000
      vertex  3.000000e+000  2.000000e+001  3.000000e+000
    endloop
  endfacet
  facet normal -7.071068e-001  0.000000e+000  7.071068e-001
    outer loop
      vertex  4.000000e+000 -2.000000e+001  5.000000e+000
      vertex  4.000000e+000  2.000000e+001  5.000000e+000
      vertex  3.000000e+000 -2.000000e+001  4.000000e+000
    endloop
  endfacet
  facet normal -7.071068e-001  0.000000e+000  7.071068e-001
    outer loop
      vertex  3.000000e+000 -2.000000e+001  4.000000e+000
      vertex  4.000000e+000  2.000000e+001  5.000000e+000
      vertex  3.000000e+000  2.000000e+001  4.000000e+000
    endloop
  endfacet
  facet normal  0.000000e+000  1.000000e+000  0.000000e+000
    outer loop
      vertex  1.200000e+001  2.200000e+001  0.000000e+000
      vertex -1.200000e+001  2.200000e+001  0.000000e+000
      vertex -1.200000e+001  2.200000e+001  2.000000e+000
    endloop
  endfacet
  facet normal  -0.000000e+000  1.000000e+000  0.000000e+000
    outer loop
      vertex  1.200000e+001  2.200000e+001  0.000000e+000
      vertex -1.200000e+001  2.200000e+001  2.000000e+000
      vertex  2.000000e+000  2.200000e+001  2.000000e+000
    endloop
  endfacet
  facet normal  -0.000000e+000  9.999999e-001  0.000000e+000
    outer loop
      vertex  1.200000e+001  2.200000e+001  0.000000e+000
      vertex  2.000000e+000  2.200000e+001  2.000000e+000
      vertex  2.500000e+000  2.200000e+001  2.133975e+000
    endloop
  endfacet
  facet normal  -0.000000e+000  1.000000e+000  0.000000e+000
    outer loop
      vertex  1.200000e+001  2.200000e+001  0.000000e+000
      vertex  2.500000e+000  2.200000e+001  2.133975e+000
      vertex  2.866025e+000  2.200000e+001  2.500000e+000
    endloop
  endfacet
  facet normal  -0.000000e+000  1.000000e+000  0.000000e+000
    outer loop
      vertex  1.200000e+001  2.200000e+001  0.000000e+000
      vertex  2.866025e+000  2.200000e+001  2.500000e+000
      vertex  3.000000e+000  2.200000e+001  3.000000e+000
    endloop
  endfacet
  facet normal  -0.000000e+000  1.000000e+000  0.000000e+000
    outer loop
      vertex  1.200000e+001  2.200000e+001  0.000000e+000
      vertex  3.000000e+000  2.200000e+001  3.000000e+000
      vertex  1.200000e+001  2.200000e+001  3.000000e+000
    endloop
  endfacet
  facet normal  0.000000e+000  0.000000e+000  1.000000e+000
    outer loop
      vertex  3.000000e+000  2.000000e+001  3.000000e+000
      vertex  1.482843e+001  2.000000e+001  3.000000e+000
      vertex  1.439264e+001  2.080977e+001  3.000000e+000
    endloop
  endfacet
  facet normal  0.000000e+000  0.000000e+000  9.999999e-001
    outer loop
      vertex  3.000000e+000  2.000000e+001  3.000000e+000
      vertex  1.439264e+001  2.080977e+001  3.000000e+000
      vertex  1.373205e+001  2.144949e+001  3.000000e+000
    endloop
  endfacet
  facet normal  0.000000e+000  0.000000e+000  1.000000e+000
    outer loop
      vertex  3.000000e+000  2.000000e+001  3.000000e+000
      vertex  1.373205e+001  2.144949e+001  3.000000e+000
      vertex  1.290872e+001  2.185906e+001  3.000000e+000
    endloop
  endfacet
  facet normal  0.000000e+000  0.000000e+000  9.999999e-001
    outer loop
      vertex  3.000000e+000  2.000000e+001  3.000000e+000
      vertex  1.290872e+001  2.185906e+001  3.000000e+000
      vertex  1.200000e+001  2.200000e+001  3.000000e+000
    endloop
  endfacet
  facet normal  0.000000e+000  0.000000e+000  1.000000e+000
    outer loop
      vertex  3.000000e+000  2.000000e+001  3.000000e+000
      vertex  1.200000e+001  2.200000e+001  3.000000e+000
      vertex  3.000000e+000  2.200000e+001  3.000000e+000
    endloop
  endfacet
  facet normal  -0.000000e+000 -1.000000e+000  -0.000000e+000
    outer loop
      vertex  1.200000e+001 -2.200000e+001  0.000000e+000
      vertex  1.200000e+001 -2.200000e+001  3.000000e+000
      vertex  3.000000e+000 -2.200000e+001  3.000000e+000
    endloop
  endfacet
  facet normal  0.000000e+000 -1.000000e+000  -0.000000e+000
    outer loop
      vertex  1.200000e+001 -2.200000e+001  0.000000e+000
      vertex  3.000000e+000 -2.200000e+001  3.000000e+000
      vertex  2.866025e+000 -2.200000e+001  2.500000e+000
    endloop
  endfacet
  facet normal  0.000000e+000 -1.000000e+000  -0.000000e+000
    outer loop
      vertex  1.200000e+001 -2.200000e+001  0.000000e+000
      vertex  2.866025e+000 -2.200000e+001  2.500000e+000
      vertex  2.500000e+000 -2.200000e+001  2.133975e+000
    endloop
  endfacet
  facet normal  0.000000e+000 -9.999999e-001  -0.000000e+000
    outer loop
      vertex  1.200000e+001 -2.200000e+001  0.000000e+000
      vertex  2.500000e+000 -2.200000e+001  2.133975e+000
      vertex  2.000000e+000 -2.200000e+001  2.000000e+000
    endloop
  endfacet
  facet normal  -0.000000e+000 -1.000000e+000  -0.000000e+000
    outer loop
      vertex  1.200000e+001 -2.200000e+001  0.000000e+000
      vertex  2.000000e+000 -2.200000e+001  2.000000e+000
      vertex -1.200000e+001 -2.200000e+001  2.000000e+000
    endloop
  endfacet
  facet normal  0.000000e+000 -1.000000e+000  0.000000e+000
    outer loop
      vertex  1.200000e+001 -2.200000e+001  0.000000e+000
      vertex -1.200000e+001 -2.200000e+001  2.000000e+000
      vertex -1.200000e+001 -2.200000e+001  0.000000e+000
    endloop
  endfacet
  facet normal  0.000000e+000  -0.000000e+000  1.000000e+000
    outer loop
      vertex  3.000000e+000 -2.200000e+001  3.000000e+000
      vertex  1.200000e+001 -2.200000e+001  3.000000e+000
      vertex  1.290872e+001 -2.185906e+001  3.000000e+000
    endloop
  endfacet
  facet normal  0.000000e+000  -0.000000e+000  1.000000e+000
    outer loop
      vertex  3.000000e+000 -2.200000e+001  3.000000e+000
      vertex  1.290872e+001 -2.185906e+001  3.000000e+000
      vertex  1.373205e+001 -2.144949e+001  3.000000e+000
    endloop
  endfacet
  facet normal  0.000000e+000  -0.000000e+000  9.999999e-001
    outer loop
      vertex  3.000000e+000 -2.200000e+001  3.000000e+000
      vertex  1.373205e+001 -2.144949e+001  3.000000e+000
      vertex  1.439264e+001 -2.080977e+001  3.000000e+000
    endloop
  endfacet
  facet normal  0.000000e+000  -0.000000e+000  1.000000e+000
    outer loop
      vertex  3.000000e+000 -2.200000e+001  3.000000e+000
      vertex  1.439264e+001 -2.080977e+001  3.000000e+000
      vertex  1.482843e+001 -2.000000e+001  3.000000e+000
    endloop
  endfacet
  facet normal  0.000000e+000  0.000000e+000  1.000000e+000
    outer loop
      vertex  3.000000e+000 -2.200000e+001  3.000000e+000
      vertex  1.482843e+001 -2.000000e+001  3.000000e+000
      vertex  3.000000e+000 -2.000000e+001  3.000000e+000
    endloop
  endfacet
  facet normal -9.659258e-001  0.000000e+000  2.588190e-001
    outer loop
      vertex  2.866025e+000 -2.200000e+001  2.500000e+000
      vertex  3.000000e+000 -2.200000e+001  3.000000e+000
      vertex  3.000000e+000 -2.000000e+001  3.000000e+000
    endloop
  endfacet
  facet normal -9.659259e-001  0.000000e+000  2.588190e-001
    outer loop
      vertex  2.866025e+000 -2.200000e+001  2.500000e+000
      vertex  3.000000e+000 -2.000000e+001  3.000000e+000
      vertex  3.000000e+000  2.000000e+001  3.000000e+000
    endloop
  endfacet
  facet normal -9.659258e-001  0.000000e+000  2.588190e-001
    outer loop
      vertex  2.866025e+000 -2.200000e+001  2.500000e+000
      vertex  3.000000e+000  2.000000e+001  3.000000e+000
      vertex  3.000000e+000  2.200000e+001  3.000000e+000
    endloop
  endfacet
  facet normal -9.659258e-001  0.000000e+000  2.588190e-001
    outer loop
      vertex  2.866025e+000 -2.200000e+001  2.500000e+000
      vertex  3.000000e+000  2.200000e+001  3.000000e+000
      vertex  2.866025e+000  2.200000e+001  2.500000e+000
    endloop
  endfacet
  facet normal -2.588190e-001  0.000000e+000  9.659258e-001
    outer loop
      vertex  2.000000e+000 -2.200000e+001  2.000000e+000
      vertex  2.500000e+000 -2.200000e+001  2.133975e+000
      vertex  2.000000e+000  2.200000e+001  2.000000e+000
    endloop
  endfacet
  facet normal -2.588190e-001  0.000000e+000  9.659258e-001
    outer loop
      vertex  2.000000e+000  2.200000e+001  2.000000e+000
      vertex  2.500000e+000 -2.200000e+001  2.133975e+000
      vertex  2.500000e+000  2.200000e+001  2.133975e+000
    endloop
  endfacet
  facet normal -7.071068e-001  0.000000e+000  7.071068e-001
    outer loop
      vertex  2.500000e+000 -2.200000e+001  2.133975e+000
      vertex  2.866025e+000 -2.200000e+001  2.500000e+000
      vertex  2.500000e+000  2.200000e+001  2.133975e+000
    endloop
  endfacet
  facet normal -7.071068e-001  0.000000e+000  7.071068e-001
    outer loop
      vertex  2.500000e+000  2.200000e+001  2.133975e+000
      vertex  2.866025e+000 -2.200000e+001  2.500000e+000
      vertex  2.866025e+000  2.200000e+001  2.500000e+000
    endloop
  endfacet
  facet normal  8.788534e-001 -4.770918e-001  0.000000e+000
    outer loop
      vertex  1.310000e+001  1.300000e+001  0.000000e+000
      vertex  1.500000e+001  1.650000e+001  0.000000e+000
      vertex  1.310000e+001  1.300000e+001  4.900000e+000
    endloop
  endfacet
  facet normal  8.788534e-001 -4.770918e-001  0.000000e+000
    outer loop
      vertex  1.310000e+001  1.300000e+001  4.900000e+000
      vertex  1.500000e+001  1.650000e+001  0.000000e+000
      vertex  1.500000e+001  1.650000e+001  3.000000e+000
    endloop
  endfacet
  facet normal  1.564336e-001  9.876885e-001  0.000000e+000
    outer loop
      vertex  1.200000e+001  2.200000e+001  0.000000e+000
      vertex  1.200000e+001  2.200000e+001  3.000000e+000
      vertex  1.292705e+001  2.185317e+001  0.000000e+000
    endloop
  endfacet
  facet normal  1.532630e-001  9.881849e-001 -1.004068e-003
    outer loop
      vertex  1.292705e+001  2.185317e+001  0.000000e+000
      vertex  1.200000e+001  2.200000e+001  3.000000e+000
      vertex  1.290872e+001  2.185906e+001  3.000000e+000
    endloop
  endfacet
  facet normal  4.539901e-001  8.910061e-001  1.024667e-003
    outer loop
      vertex  1.292705e+001  2.185317e+001  0.000000e+000
      vertex  1.290872e+001  2.185906e+001  3.000000e+000
      vertex  1.376336e+001  2.142705e+001  0.000000e+000
    endloop
  endfacet
  facet normal  4.453894e-001  8.953346e-001 -2.048836e-003
    outer loop
      vertex  1.376336e+001  2.142705e+001  0.000000e+000
      vertex  1.290872e+001  2.185906e+001  3.000000e+000
      vertex  1.373205e+001  2.144949e+001  3.000000e+000
    endloop
  endfacet
  facet normal  7.071063e-001  7.071043e-001  2.090047e-003
    outer loop
      vertex  1.376336e+001  2.142705e+001  0.000000e+000
      vertex  1.373205e+001  2.144949e+001  3.000000e+000
      vertex  1.442705e+001  2.076336e+001  0.000000e+000
    endloop
  endfacet
  facet normal  6.956647e-001  7.183599e-001 -3.134891e-003
    outer loop
      vertex  1.442705e+001  2.076336e+001  0.000000e+000
      vertex  1.373205e+001  2.144949e+001  3.000000e+000
      vertex  1.439264e+001  2.080977e+001  3.000000e+000
    endloop
  endfacet
  facet normal  8.910016e-001  4.539889e-001  3.195360e-003
    outer loop
      vertex  1.442705e+001  2.076336e+001  0.000000e+000
      vertex  1.439264e+001  2.080977e+001  3.000000e+000
      vertex  1.485317e+001  1.992705e+001  0.000000e+000
    endloop
  endfacet
  facet normal  8.805743e-001  4.738891e-001 -4.260732e-003
    outer loop
      vertex  1.485317e+001  1.992705e+001  0.000000e+000
      vertex  1.439264e+001  2.080977e+001  3.000000e+000
      vertex  1.482843e+001  2.000000e+001  3.000000e+000
    endloop
  endfacet
  facet normal  9.876790e-001  1.564330e-001  4.341911e-003
    outer loop
      vertex  1.485317e+001  1.992705e+001  0.000000e+000
      vertex  1.482843e+001  2.000000e+001  3.000000e+000
      vertex  1.500000e+001  1.900000e+001  0.000000e+000
    endloop
  endfacet
  facet normal  9.855986e-001  1.691018e-001  -0.000000e+000
    outer loop
      vertex  1.500000e+001  1.900000e+001  0.000000e+000
      vertex  1.482843e+001  2.000000e+001  3.000000e+000
      vertex  1.500000e+001  1.900000e+001  3.000000e+000
    endloop
  endfacet
  facet normal  1.000000e+000  -0.000000e+000  0.000000e+000
    outer loop
      vertex  1.500000e+001  1.900000e+001  3.000000e+000
      vertex  1.500000e+001  1.650000e+001  3.000000e+000
      vertex  1.500000e+001  1.900000e+001  0.000000e+000
    endloop
  endfacet
  facet normal  1.000000e+000  0.000000e+000  0.000000e+000
    outer loop
      vertex  1.500000e+001  1.900000e+001  0.000000e+000
      vertex  1.500000e+001  1.650000e+001  3.000000e+000
      vertex  1.500000e+001  1.650000e+001  0.000000e+000
    endloop
  endfacet
  facet normal  7.071050e-001  0.000000e+000  7.071084e-001
    outer loop
      vertex  1.300000e+001  1.281579e+001  5.000000e+000
      vertex  1.310000e+001  1.300000e+001  4.900000e+000
      vertex  1.300000e+001  1.900000e+001  5.000000e+000
    endloop
  endfacet
  facet normal  7.071067e-001  5.739145e-008  7.071067e-001
    outer loop
      vertex  1.300000e+001  1.900000e+001  5.000000e+000
      vertex  1.310000e+001  1.300000e+001  4.900000e+000
      vertex  1.500000e+001  1.650000e+001  3.000000e+000
    endloop
  endfacet
  facet normal  7.071068e-001  -0.000000e+000  7.071068e-001
    outer loop
      vertex  1.300000e+001  1.900000e+001  5.000000e+000
      vertex  1.500000e+001  1.650000e+001  3.000000e+000
      vertex  1.500000e+001  1.900000e+001  3.000000e+000
    endloop
  endfacet
  facet normal  7.019598e-001  1.204371e-001  7.019598e-001
    outer loop
      vertex  1.500000e+001  1.900000e+001  3.000000e+000
      vertex  1.482843e+001  2.000000e+001  3.000000e+000
      vertex  1.300000e+001  1.900000e+001  5.000000e+000
    endloop
  endfacet
  facet normal  6.787665e-001  1.818755e-001  7.114754e-001
    outer loop
      vertex  1.482843e+001  2.000000e+001  3.000000e+000
      vertex  1.286602e+001  1.950000e+001  5.000000e+000
      vertex  1.300000e+001  1.900000e+001  5.000000e+000
    endloop
  endfacet
  facet normal  6.384661e-001  3.107158e-001  7.041426e-001
    outer loop
      vertex  1.361116e+001  2.000000e+001  4.103734e+000
      vertex  1.286602e+001  1.950000e+001  5.000000e+000
      vertex  1.482843e+001  2.000000e+001  3.000000e+000
    endloop
  endfacet
  facet normal  5.515563e-001  4.439224e-001  7.062001e-001
    outer loop
      vertex  1.294381e+001  2.000000e+001  4.624944e+000
      vertex  1.286602e+001  1.950000e+001  5.000000e+000
      vertex  1.361116e+001  2.000000e+001  4.103734e+000
    endloop
  endfacet
  facet normal  3.719732e-001  6.427100e-001  6.697460e-001
    outer loop
      vertex  1.294381e+001  2.000000e+001  4.624944e+000
      vertex  1.242290e+001  2.000000e+001  4.914252e+000
      vertex  1.250000e+001  1.986603e+001  5.000000e+000
    endloop
  endfacet
  facet normal  4.781885e-001  4.781872e-001  7.366633e-001
    outer loop
      vertex  1.286602e+001  1.950000e+001  5.000000e+000
      vertex  1.294381e+001  2.000000e+001  4.624944e+000
      vertex  1.250000e+001  1.986603e+001  5.000000e+000
    endloop
  endfacet
  facet normal  1.596121e-001  5.956827e-001  7.872015e-001
    outer loop
      vertex  1.250000e+001  1.986603e+001  5.000000e+000
      vertex  1.242290e+001  2.000000e+001  4.914252e+000
      vertex  1.200000e+001  2.000000e+001  5.000000e+000
    endloop
  endfacet
  facet normal  9.876883e-001 -1.564345e-001  0.000000e+000
    outer loop
      vertex  1.500000e+001 -1.900000e+001  0.000000e+000
      vertex  1.500000e+001 -1.900000e+001  3.000000e+000
      vertex  1.485317e+001 -1.992705e+001  0.000000e+000
    endloop
  endfacet
  facet normal  9.855906e-001 -1.691004e-001  4.016664e-003
    outer loop
      vertex  1.485317e+001 -1.992705e+001  0.000000e+000
      vertex  1.500000e+001 -1.900000e+001  3.000000e+000
      vertex  1.482843e+001 -2.000000e+001  3.000000e+000
    endloop
  endfacet
  facet normal  8.910001e-001 -4.539881e-001 -3.690831e-003
    outer loop
      vertex  1.485317e+001 -1.992705e+001  0.000000e+000
      vertex  1.482843e+001 -2.000000e+001  3.000000e+000
      vertex  1.442705e+001 -2.076336e+001  0.000000e+000
    endloop
  endfacet
  facet normal  8.805789e-001 -4.738916e-001  2.767918e-003
    outer loop
      vertex  1.442705e+001 -2.076336e+001  0.000000e+000
      vertex  1.482843e+001 -2.000000e+001  3.000000e+000
      vertex  1.439264e+001 -2.080977e+001  3.000000e+000
    endloop
  endfacet
  facet normal  7.071050e-001 -7.071030e-001 -2.829532e-003
    outer loop
      vertex  1.442705e+001 -2.076336e+001  0.000000e+000
      vertex  1.439264e+001 -2.080977e+001  3.000000e+000
      vertex  1.376336e+001 -2.142705e+001  0.000000e+000
    endloop
  endfacet
  facet normal  6.956668e-001 -7.183621e-001  1.886474e-003
    outer loop
      vertex  1.376336e+001 -2.142705e+001  0.000000e+000
      vertex  1.439264e+001 -2.080977e+001  3.000000e+000
      vertex  1.373205e+001 -2.144949e+001  3.000000e+000
    endloop
  endfacet
  facet normal  4.539895e-001 -8.910049e-001 -1.926709e-003
    outer loop
      vertex  1.376336e+001 -2.142705e+001  0.000000e+000
      vertex  1.373205e+001 -2.144949e+001  3.000000e+000
      vertex  1.292705e+001 -2.185317e+001  0.000000e+000
    endloop
  endfacet
  facet normal  4.453901e-001 -8.953361e-001  9.636047e-004
    outer loop
      vertex  1.292705e+001 -2.185317e+001  0.000000e+000
      vertex  1.373205e+001 -2.144949e+001  3.000000e+000
      vertex  1.290872e+001 -2.185906e+001  3.000000e+000
    endloop
  endfacet
  facet normal  1.564336e-001 -9.876879e-001 -9.837154e-004
    outer loop
      vertex  1.292705e+001 -2.185317e+001  0.000000e+000
      vertex  1.290872e+001 -2.185906e+001  3.000000e+000
      vertex  1.200000e+001 -2.200000e+001  0.000000e+000
    endloop
  endfacet
  facet normal  1.532631e-001 -9.881855e-001  0.000000e+000
    outer loop
      vertex  1.200000e+001 -2.200000e+001  0.000000e+000
      vertex  1.290872e+001 -2.185906e+001  3.000000e+000
      vertex  1.200000e+001 -2.200000e+001  3.000000e+000
    endloop
  endfacet
  facet normal  1.000000e+000  0.000000e+000  0.000000e+000
    outer loop
      vertex  1.310000e+001 -1.300000e+001  4.900000e+000
      vertex  1.310000e+001 -1.300000e+001  0.000000e+000
      vertex  1.310000e+001  1.300000e+001  4.900000e+000
    endloop
  endfacet
  facet normal  1.000000e+000  0.000000e+000  0.000000e+000
    outer loop
      vertex  1.310000e+001  1.300000e+001  4.900000e+000
      vertex  1.310000e+001 -1.300000e+001  0.000000e+000
      vertex  1.310000e+001  1.300000e+001  0.000000e+000
    endloop
  endfacet
  facet normal  8.788534e-001  4.770918e-001  0.000000e+000
    outer loop
      vertex  1.310000e+001 -1.300000e+001  0.000000e+000
      vertex  1.310000e+001 -1.300000e+001  4.900000e+000
      vertex  1.500000e+001 -1.650000e+001  0.000000e+000
    endloop
  endfacet
  facet normal  8.788534e-001  4.770918e-001  -0.000000e+000
    outer loop
      vertex  1.500000e+001 -1.650000e+001  0.000000e+000
      vertex  1.310000e+001 -1.300000e+001  4.900000e+000
      vertex  1.500000e+001 -1.650000e+001  3.000000e+000
    endloop
  endfacet
  facet normal  1.000000e+000  -0.000000e+000  0.000000e+000
    outer loop
      vertex  1.500000e+001 -1.650000e+001  3.000000e+000
      vertex  1.500000e+001 -1.900000e+001  3.000000e+000
      vertex  1.500000e+001 -1.650000e+001  0.000000e+000
    endloop
  endfacet
  facet normal  1.000000e+000  0.000000e+000  0.000000e+000
    outer loop
      vertex  1.500000e+001 -1.650000e+001  0.000000e+000
      vertex  1.500000e+001 -1.900000e+001  3.000000e+000
      vertex  1.500000e+001 -1.900000e+001  0.000000e+000
    endloop
  endfacet
  facet normal  9.876884e-001 -1.564346e-001  0.000000e+000
    outer loop
      vertex  1.300000e+001 -9.500000e+000  5.000000e+000
      vertex  1.300000e+001 -9.500000e+000  7.500000e+000
      vertex  1.280423e+001 -1.073607e+001  5.000000e+000
    endloop
  endfacet
  facet normal  9.876884e-001 -1.564346e-001  0.000000e+000
    outer loop
      vertex  1.280423e+001 -1.073607e+001  5.000000e+000
      vertex  1.300000e+001 -9.500000e+000  7.500000e+000
      vertex  1.280423e+001 -1.073607e+001  7.500000e+000
    endloop
  endfacet
  facet normal  8.910065e-001 -4.539905e-001  0.000000e+000
    outer loop
      vertex  1.280423e+001 -1.073607e+001  5.000000e+000
      vertex  1.280423e+001 -1.073607e+001  7.500000e+000
      vertex  1.223607e+001 -1.185114e+001  5.000000e+000
    endloop
  endfacet
  facet normal  8.910065e-001 -4.539905e-001  0.000000e+000
    outer loop
      vertex  1.223607e+001 -1.185114e+001  5.000000e+000
      vertex  1.280423e+001 -1.073607e+001  7.500000e+000
      vertex  1.223607e+001 -1.185114e+001  7.500000e+000
    endloop
  endfacet
  facet normal  7.071068e-001 -7.071068e-001  0.000000e+000
    outer loop
      vertex  1.223607e+001 -1.185114e+001  5.000000e+000
      vertex  1.223607e+001 -1.185114e+001  7.500000e+000
      vertex  1.135114e+001 -1.273607e+001  5.000000e+000
    endloop
  endfacet
  facet normal  7.071068e-001 -7.071068e-001  0.000000e+000
    outer loop
      vertex  1.135114e+001 -1.273607e+001  5.000000e+000
      vertex  1.223607e+001 -1.185114e+001  7.500000e+000
      vertex  1.135114e+001 -1.273607e+001  7.500000e+000
    endloop
  endfacet
  facet normal  4.539905e-001 -8.910065e-001  0.000000e+000
    outer loop
      vertex  1.135114e+001 -1.273607e+001  5.000000e+000
      vertex  1.135114e+001 -1.273607e+001  7.500000e+000
      vertex  1.023607e+001 -1.330423e+001  5.000000e+000
    endloop
  endfacet
  facet normal  4.539905e-001 -8.910065e-001  0.000000e+000
    outer loop
      vertex  1.023607e+001 -1.330423e+001  5.000000e+000
      vertex  1.135114e+001 -1.273607e+001  7.500000e+000
      vertex  1.023607e+001 -1.330423e+001  7.500000e+000
    endloop
  endfacet
  facet normal  1.564346e-001 -9.876884e-001  0.000000e+000
    outer loop
      vertex  1.023607e+001 -1.330423e+001  5.000000e+000
      vertex  1.023607e+001 -1.330423e+001  7.500000e+000
      vertex  9.000000e+000 -1.350000e+001  5.000000e+000
    endloop
  endfacet
  facet normal  1.564346e-001 -9.876884e-001  0.000000e+000
    outer loop
      vertex  9.000000e+000 -1.350000e+001  5.000000e+000
      vertex  1.023607e+001 -1.330423e+001  7.500000e+000
      vertex  9.000000e+000 -1.350000e+001  7.500000e+000
    endloop
  endfacet
  facet normal -1.564346e-001 -9.876884e-001  -0.000000e+000
    outer loop
      vertex  9.000000e+000 -1.350000e+001  5.000000e+000
      vertex  9.000000e+000 -1.350000e+001  7.500000e+000
      vertex  7.763932e+000 -1.330423e+001  5.000000e+000
    endloop
  endfacet
  facet normal -1.564346e-001 -9.876884e-001  0.000000e+000
    outer loop
      vertex  7.763932e+000 -1.330423e+001  5.000000e+000
      vertex  9.000000e+000 -1.350000e+001  7.500000e+000
      vertex  7.763932e+000 -1.330423e+001  7.500000e+000
    endloop
  endfacet
  facet normal -4.539905e-001 -8.910065e-001  -0.000000e+000
    outer loop
      vertex  7.763932e+000 -1.330423e+001  5.000000e+000
      vertex  7.763932e+000 -1.330423e+001  7.500000e+000
      vertex  6.648859e+000 -1.273607e+001  5.000000e+000
    endloop
  endfacet
  facet normal -4.539905e-001 -8.910065e-001  0.000000e+000
    outer loop
      vertex  6.648859e+000 -1.273607e+001  5.000000e+000
      vertex  7.763932e+000 -1.330423e+001  7.500000e+000
      vertex  6.648859e+000 -1.273607e+001  7.500000e+000
    endloop
  endfacet
  facet normal -7.071068e-001 -7.071068e-001  -0.000000e+000
    outer loop
      vertex  6.648859e+000 -1.273607e+001  5.000000e+000
      vertex  6.648859e+000 -1.273607e+001  7.500000e+000
      vertex  5.763932e+000 -1.185114e+001  5.000000e+000
    endloop
  endfacet
  facet normal -7.071068e-001 -7.071068e-001  0.000000e+000
    outer loop
      vertex  5.763932e+000 -1.185114e+001  5.000000e+000
      vertex  6.648859e+000 -1.273607e+001  7.500000e+000
      vertex  5.763932e+000 -1.185114e+001  7.500000e+000
    endloop
  endfacet
  facet normal -8.910065e-001 -4.539905e-001  -0.000000e+000
    outer loop
      vertex  5.763932e+000 -1.185114e+001  5.000000e+000
      vertex  5.763932e+000 -1.185114e+001  7.500000e+000
      vertex  5.195774e+000 -1.073607e+001  5.000000e+000
    endloop
  endfacet
  facet normal -8.910065e-001 -4.539905e-001  0.000000e+000
    outer loop
      vertex  5.195774e+000 -1.073607e+001  5.000000e+000
      vertex  5.763932e+000 -1.185114e+001  7.500000e+000
      vertex  5.195774e+000 -1.073607e+001  7.500000e+000
    endloop
  endfacet
  facet normal -9.876884e-001 -1.564346e-001  -0.000000e+000
    outer loop
      vertex  5.195774e+000 -1.073607e+001  5.000000e+000
      vertex  5.195774e+000 -1.073607e+001  7.500000e+000
      vertex  5.000000e+000 -9.500000e+000  5.000000e+000
    endloop
  endfacet
  facet normal -9.876884e-001 -1.564346e-001  0.000000e+000
    outer loop
      vertex  5.000000e+000 -9.500000e+000  5.000000e+000
      vertex  5.195774e+000 -1.073607e+001  7.500000e+000
      vertex  5.000000e+000 -9.500000e+000  7.500000e+000
    endloop
  endfacet
  facet normal -9.876884e-001  1.564346e-001  0.000000e+000
    outer loop
      vertex  5.000000e+000  9.500000e+000  5.000000e+000
      vertex  5.000000e+000  9.500000e+000  7.500000e+000
      vertex  5.195774e+000  1.073607e+001  5.000000e+000
    endloop
  endfacet
  facet normal -9.876884e-001  1.564346e-001  0.000000e+000
    outer loop
      vertex  5.195774e+000  1.073607e+001  5.000000e+000
      vertex  5.000000e+000  9.500000e+000  7.500000e+000
      vertex  5.195774e+000  1.073607e+001  7.500000e+000
    endloop
  endfacet
  facet normal -8.910065e-001  4.539905e-001  0.000000e+000
    outer loop
      vertex  5.195774e+000  1.073607e+001  5.000000e+000
      vertex  5.195774e+000  1.073607e+001  7.500000e+000
      vertex  5.763932e+000  1.185114e+001  5.000000e+000
    endloop
  endfacet
  facet normal -8.910065e-001  4.539905e-001  0.000000e+000
    outer loop
      vertex  5.763932e+000  1.185114e+001  5.000000e+000
      vertex  5.195774e+000  1.073607e+001  7.500000e+000
      vertex  5.763932e+000  1.185114e+001  7.500000e+000
    endloop
  endfacet
  facet normal -7.071068e-001  7.071068e-001  0.000000e+000
    outer loop
      vertex  5.763932e+000  1.185114e+001  5.000000e+000
      vertex  5.763932e+000  1.185114e+001  7.500000e+000
      vertex  6.648859e+000  1.273607e+001  5.000000e+000
    endloop
  endfacet
  facet normal -7.071068e-001  7.071068e-001  0.000000e+000
    outer loop
      vertex  6.648859e+000  1.273607e+001  5.000000e+000
      vertex  5.763932e+000  1.185114e+001  7.500000e+000
      vertex  6.648859e+000  1.273607e+001  7.500000e+000
    endloop
  endfacet
  facet normal -4.539905e-001  8.910065e-001  0.000000e+000
    outer loop
      vertex  6.648859e+000  1.273607e+001  5.000000e+000
      vertex  6.648859e+000  1.273607e+001  7.500000e+000
      vertex  7.763932e+000  1.330423e+001  5.000000e+000
    endloop
  endfacet
  facet normal -4.539905e-001  8.910065e-001  0.000000e+000
    outer loop
      vertex  7.763932e+000  1.330423e+001  5.000000e+000
      vertex  6.648859e+000  1.273607e+001  7.500000e+000
      vertex  7.763932e+000  1.330423e+001  7.500000e+000
    endloop
  endfacet
  facet normal -1.564346e-001  9.876884e-001  0.000000e+000
    outer loop
      vertex  7.763932e+000  1.330423e+001  5.000000e+000
      vertex  7.763932e+000  1.330423e+001  7.500000e+000
      vertex  9.000000e+000  1.350000e+001  5.000000e+000
    endloop
  endfacet
  facet normal -1.564346e-001  9.876884e-001  0.000000e+000
    outer loop
      vertex  9.000000e+000  1.350000e+001  5.000000e+000
      vertex  7.763932e+000  1.330423e+001  7.500000e+000
      vertex  9.000000e+000  1.350000e+001  7.500000e+000
    endloop
  endfacet
  facet normal  1.564346e-001  9.876884e-001  0.000000e+000
    outer loop
      vertex  9.000000e+000  1.350000e+001  5.000000e+000
      vertex  9.000000e+000  1.350000e+001  7.500000e+000
      vertex  1.023607e+001  1.330423e+001  5.000000e+000
    endloop
  endfacet
  facet normal  1.564346e-001  9.876884e-001  -0.000000e+000
    outer loop
      vertex  1.023607e+001  1.330423e+001  5.000000e+000
      vertex  9.000000e+000  1.350000e+001  7.500000e+000
      vertex  1.023607e+001  1.330423e+001  7.500000e+000
    endloop
  endfacet
  facet normal  4.539905e-001  8.910065e-001  0.000000e+000
    outer loop
      vertex  1.023607e+001  1.330423e+001  5.000000e+000
      vertex  1.023607e+001  1.330423e+001  7.500000e+000
      vertex  1.135114e+001  1.273607e+001  5.000000e+000
    endloop
  endfacet
  facet normal  4.539905e-001  8.910065e-001  -0.000000e+000
    outer loop
      vertex  1.135114e+001  1.273607e+001  5.000000e+000
      vertex  1.023607e+001  1.330423e+001  7.500000e+000
      vertex  1.135114e+001  1.273607e+001  7.500000e+000
    endloop
  endfacet
  facet normal  7.071068e-001  7.071068e-001  0.000000e+000
    outer loop
      vertex  1.135114e+001  1.273607e+001  5.000000e+000
      vertex  1.135114e+001  1.273607e+001  7.500000e+000
      vertex  1.223607e+001  1.185114e+001  5.000000e+000
    endloop
  endfacet
  facet normal  7.071068e-001  7.071068e-001  -0.000000e+000
    outer loop
      vertex  1.223607e+001  1.185114e+001  5.000000e+000
      vertex  1.135114e+001  1.273607e+001  7.500000e+000
      vertex  1.223607e+001  1.185114e+001  7.500000e+000
    endloop
  endfacet
  facet normal  8.910065e-001  4.539905e-001  0.000000e+000
    outer loop
      vertex  1.223607e+001  1.185114e+001  5.000000e+000
      vertex  1.223607e+001  1.185114e+001  7.500000e+000
      vertex  1.280423e+001  1.073607e+001  5.000000e+000
    endloop
  endfacet
  facet normal  8.910065e-001  4.539905e-001  -0.000000e+000
    outer loop
      vertex  1.280423e+001  1.073607e+001  5.000000e+000
      vertex  1.223607e+001  1.185114e+001  7.500000e+000
      vertex  1.280423e+001  1.073607e+001  7.500000e+000
    endloop
  endfacet
  facet normal  9.876884e-001  1.564346e-001  0.000000e+000
    outer loop
      vertex  1.280423e+001  1.073607e+001  5.000000e+000
      vertex  1.280423e+001  1.073607e+001  7.500000e+000
      vertex  1.300000e+001  9.500000e+000  5.000000e+000
    endloop
  endfacet
  facet normal  9.876884e-001  1.564346e-001  -0.000000e+000
    outer loop
      vertex  1.300000e+001  9.500000e+000  5.000000e+000
      vertex  1.280423e+001  1.073607e+001  7.500000e+000
      vertex  1.300000e+001  9.500000e+000  7.500000e+000
    endloop
  endfacet
  facet normal  1.000000e+000  -0.000000e+000  0.000000e+000
    outer loop
      vertex  1.300000e+001  9.500000e+000  7.500000e+000
      vertex  1.300000e+001 -9.500000e+000  7.500000e+000
      vertex  1.300000e+001  9.500000e+000  5.000000e+000
    endloop
  endfacet
  facet normal  1.000000e+000  0.000000e+000  0.000000e+000
    outer loop
      vertex  1.300000e+001  9.500000e+000  5.000000e+000
      vertex  1.300000e+001 -9.500000e+000  7.500000e+000
      vertex  1.300000e+001 -9.500000e+000  5.000000e+000
    endloop
  endfacet
  facet normal  6.787665e-001 -1.818755e-001  7.114754e-001
    outer loop
      vertex  1.286602e+001 -1.950000e+001  5.000000e+000
      vertex  1.482843e+001 -2.000000e+001  3.000000e+000
      vertex  1.300000e+001 -1.900000e+001  5.000000e+000
    endloop
  endfacet
  facet normal  7.019598e-001 -1.204371e-001  7.019598e-001
    outer loop
      vertex  1.482843e+001 -2.000000e+001  3.000000e+000
      vertex  1.500000e+001 -1.900000e+001  3.000000e+000
      vertex  1.300000e+001 -1.900000e+001  5.000000e+000
    endloop
  endfacet
  facet normal  1.596121e-001 -5.956827e-001  7.872015e-001
    outer loop
      vertex  1.242290e+001 -2.000000e+001  4.914252e+000
      vertex  1.250000e+001 -1.986603e+001  5.000000e+000
      vertex  1.200000e+001 -2.000000e+001  5.000000e+000
    endloop
  endfacet
  facet normal  3.719732e-001 -6.427100e-001  6.697460e-001
    outer loop
      vertex  1.242290e+001 -2.000000e+001  4.914252e+000
      vertex  1.294381e+001 -2.000000e+001  4.624944e+000
      vertex  1.250000e+001 -1.986603e+001  5.000000e+000
    endloop
  endfacet
  facet normal  5.515563e-001 -4.439224e-001  7.062001e-001
    outer loop
      vertex  1.294381e+001 -2.000000e+001  4.624944e+000
      vertex  1.361116e+001 -2.000000e+001  4.103734e+000
      vertex  1.286602e+001 -1.950000e+001  5.000000e+000
    endloop
  endfacet
  facet normal  4.781885e-001 -4.781872e-001  7.366633e-001
    outer loop
      vertex  1.250000e+001 -1.986603e+001  5.000000e+000
      vertex  1.294381e+001 -2.000000e+001  4.624944e+000
      vertex  1.286602e+001 -1.950000e+001  5.000000e+000
    endloop
  endfacet
  facet normal  6.384661e-001 -3.107157e-001  7.041426e-001
    outer loop
      vertex  1.286602e+001 -1.950000e+001  5.000000e+000
      vertex  1.361116e+001 -2.000000e+001  4.103734e+000
      vertex  1.482843e+001 -2.000000e+001  3.000000e+000
    endloop
  endfacet
  facet normal  7.071051e-001  -0.000000e+000  7.071085e-001
    outer loop
      vertex  1.300000e+001 -9.500000e+000  5.000000e+000
      vertex  1.300000e+001 -1.900000e+001  5.000000e+000
      vertex  1.310000e+001 -1.300000e+001  4.900000e+000
    endloop
  endfacet
  facet normal  7.071068e-001 -5.619580e-008  7.071068e-001
    outer loop
      vertex  1.310000e+001 -1.300000e+001  4.900000e+000
      vertex  1.300000e+001 -1.900000e+001  5.000000e+000
      vertex  1.500000e+001 -1.900000e+001  3.000000e+000
    endloop
  endfacet
  facet normal  7.071068e-001  -0.000000e+000  7.071067e-001
    outer loop
      vertex  1.310000e+001 -1.300000e+001  4.900000e+000
      vertex  1.500000e+001 -1.900000e+001  3.000000e+000
      vertex  1.500000e+001 -1.650000e+001  3.000000e+000
    endloop
  endfacet
  facet normal  7.071051e-001  -0.000000e+000  7.071085e-001
    outer loop
      vertex  1.300000e+001  1.281579e+001  5.000000e+000
      vertex  1.300000e+001  9.500000e+000  5.000000e+000
      vertex  1.310000e+001  1.300000e+001  4.900000e+000
    endloop
  endfacet
  facet normal  7.071051e-001  0.000000e+000  7.071085e-001
    outer loop
      vertex  1.310000e+001  1.300000e+001  4.900000e+000
      vertex  1.300000e+001  9.500000e+000  5.000000e+000
      vertex  1.300000e+001 -9.500000e+000  5.000000e+000
    endloop
  endfacet
  facet normal  7.071052e-001  0.000000e+000  7.071085e-001
    outer loop
      vertex  1.310000e+001  1.300000e+001  4.900000e+000
      vertex  1.300000e+001 -9.500000e+000  5.000000e+000
      vertex  1.310000e+001 -1.300000e+001  4.900000e+000
    endloop
  endfacet
  facet normal  4.338841e-001 -9.009688e-001  0.000000e+000
    outer loop
      vertex  9.632840e+000  1.860863e+001  0.000000e+000
      vertex  8.971242e+000  1.829002e+001  5.000000e+000
      vertex  8.971242e+000  1.829002e+001  0.000000e+000
    endloop
  endfacet
  facet normal  7.818312e-001 -6.234902e-001  0.000000e+000
    outer loop
      vertex  8.971242e+000  1.829002e+001  0.000000e+000
      vertex  8.971242e+000  1.829002e+001  5.000000e+000
      vertex  8.513401e+000  1.771591e+001  5.000000e+000
    endloop
  endfacet
  facet normal  7.818312e-001 -6.234902e-001  0.000000e+000
    outer loop
      vertex  8.971242e+000  1.829002e+001  0.000000e+000
      vertex  8.513401e+000  1.771591e+001  5.000000e+000
      vertex  8.513401e+000  1.771591e+001  0.000000e+000
    endloop
  endfacet
  facet normal  9.749281e-001 -2.225201e-001  0.000000e+000
    outer loop
      vertex  8.513401e+000  1.771591e+001  0.000000e+000
      vertex  8.513401e+000  1.771591e+001  5.000000e+000
      vertex  8.350000e+000  1.700000e+001  5.000000e+000
    endloop
  endfacet
  facet normal  9.749281e-001 -2.225201e-001  0.000000e+000
    outer loop
      vertex  8.513401e+000  1.771591e+001  0.000000e+000
      vertex  8.350000e+000  1.700000e+001  5.000000e+000
      vertex  8.350000e+000  1.700000e+001 -8.881784e-016
    endloop
  endfacet
  facet normal  4.338841e-001 -9.009688e-001  0.000000e+000
    outer loop
      vertex  8.971242e+000  1.829002e+001  5.000000e+000
      vertex  9.632840e+000  1.860863e+001  0.000000e+000
      vertex  9.632840e+000  1.860863e+001  5.000000e+000
    endloop
  endfacet
  facet normal  0.000000e+000 -1.000000e+000  0.000000e+000
    outer loop
      vertex  9.632840e+000  1.860863e+001  5.000000e+000
      vertex  9.632840e+000  1.860863e+001  0.000000e+000
      vertex  1.036716e+001  1.860863e+001  0.000000e+000
    endloop
  endfacet
  facet normal  0.000000e+000 -1.000000e+000  0.000000e+000
    outer loop
      vertex  9.632840e+000  1.860863e+001  5.000000e+000
      vertex  1.036716e+001  1.860863e+001  0.000000e+000
      vertex  1.036716e+001  1.860863e+001  5.000000e+000
    endloop
  endfacet
  facet normal -4.338841e-001 -9.009688e-001  -0.000000e+000
    outer loop
      vertex  1.036716e+001  1.860863e+001  5.000000e+000
      vertex  1.036716e+001  1.860863e+001  0.000000e+000
      vertex  1.102876e+001  1.829002e+001  0.000000e+000
    endloop
  endfacet
  facet normal -4.338841e-001 -9.009688e-001  0.000000e+000
    outer loop
      vertex  1.036716e+001  1.860863e+001  5.000000e+000
      vertex  1.102876e+001  1.829002e+001  0.000000e+000
      vertex  1.102876e+001  1.829002e+001  5.000000e+000
    endloop
  endfacet
  facet normal -7.818312e-001 -6.234902e-001  -0.000000e+000
    outer loop
      vertex  1.102876e+001  1.829002e+001  5.000000e+000
      vertex  1.102876e+001  1.829002e+001  0.000000e+000
      vertex  1.148660e+001  1.771591e+001  0.000000e+000
    endloop
  endfacet
  facet normal -7.818312e-001 -6.234902e-001  0.000000e+000
    outer loop
      vertex  1.102876e+001  1.829002e+001  5.000000e+000
      vertex  1.148660e+001  1.771591e+001  0.000000e+000
      vertex  1.148660e+001  1.771591e+001  5.000000e+000
    endloop
  endfacet
  facet normal -9.749281e-001 -2.225201e-001  -0.000000e+000
    outer loop
      vertex  1.148660e+001  1.771591e+001  5.000000e+000
      vertex  1.148660e+001  1.771591e+001  0.000000e+000
      vertex  1.165000e+001  1.700000e+001  0.000000e+000
    endloop
  endfacet
  facet normal -9.749281e-001 -2.225201e-001  0.000000e+000
    outer loop
      vertex  1.148660e+001  1.771591e+001  5.000000e+000
      vertex  1.165000e+001  1.700000e+001  0.000000e+000
      vertex  1.165000e+001  1.700000e+001  5.000000e+000
    endloop
  endfacet
  facet normal -4.338841e-001  9.009688e-001  0.000000e+000
    outer loop
      vertex  1.036716e+001  1.539137e+001  0.000000e+000
      vertex  1.102876e+001  1.570998e+001  5.000000e+000
      vertex  1.102876e+001  1.570998e+001  0.000000e+000
    endloop
  endfacet
  facet normal -7.818312e-001  6.234902e-001  0.000000e+000
    outer loop
      vertex  1.102876e+001  1.570998e+001  0.000000e+000
      vertex  1.102876e+001  1.570998e+001  5.000000e+000
      vertex  1.148660e+001  1.628409e+001  5.000000e+000
    endloop
  endfacet
  facet normal -7.818312e-001  6.234902e-001  0.000000e+000
    outer loop
      vertex  1.102876e+001  1.570998e+001  0.000000e+000
      vertex  1.148660e+001  1.628409e+001  5.000000e+000
      vertex  1.148660e+001  1.628409e+001  0.000000e+000
    endloop
  endfacet
  facet normal -9.749281e-001  2.225201e-001  0.000000e+000
    outer loop
      vertex  1.148660e+001  1.628409e+001  0.000000e+000
      vertex  1.148660e+001  1.628409e+001  5.000000e+000
      vertex  1.165000e+001  1.700000e+001  5.000000e+000
    endloop
  endfacet
  facet normal -9.749281e-001  2.225201e-001  0.000000e+000
    outer loop
      vertex  1.148660e+001  1.628409e+001  0.000000e+000
      vertex  1.165000e+001  1.700000e+001  5.000000e+000
      vertex  1.165000e+001  1.700000e+001  0.000000e+000
    endloop
  endfacet
  facet normal -4.338841e-001  9.009688e-001  0.000000e+000
    outer loop
      vertex  1.102876e+001  1.570998e+001  5.000000e+000
      vertex  1.036716e+001  1.539137e+001  0.000000e+000
      vertex  1.036716e+001  1.539137e+001  5.000000e+000
    endloop
  endfacet
  facet normal  0.000000e+000  1.000000e+000  0.000000e+000
    outer loop
      vertex  1.036716e+001  1.539137e+001  5.000000e+000
      vertex  1.036716e+001  1.539137e+001  0.000000e+000
      vertex  9.632840e+000  1.539137e+001  0.000000e+000
    endloop
  endfacet
  facet normal  0.000000e+000  1.000000e+000  0.000000e+000
    outer loop
      vertex  1.036716e+001  1.539137e+001  5.000000e+000
      vertex  9.632840e+000  1.539137e+001  0.000000e+000
      vertex  9.632840e+000  1.539137e+001  5.000000e+000
    endloop
  endfacet
  facet normal  4.338841e-001  9.009688e-001  0.000000e+000
    outer loop
      vertex  9.632840e+000  1.539137e+001  5.000000e+000
      vertex  9.632840e+000  1.539137e+001  0.000000e+000
      vertex  8.971242e+000  1.570998e+001  0.000000e+000
    endloop
  endfacet
  facet normal  4.338841e-001  9.009688e-001  -0.000000e+000
    outer loop
      vertex  9.632840e+000  1.539137e+001  5.000000e+000
      vertex  8.971242e+000  1.570998e+001  0.000000e+000
      vertex  8.971242e+000  1.570998e+001  5.000000e+000
    endloop
  endfacet
  facet normal  7.818312e-001  6.234902e-001  0.000000e+000
    outer loop
      vertex  8.971242e+000  1.570998e+001  5.000000e+000
      vertex  8.971242e+000  1.570998e+001  0.000000e+000
      vertex  8.513401e+000  1.628409e+001  0.000000e+000
    endloop
  endfacet
  facet normal  7.818312e-001  6.234902e-001  -0.000000e+000
    outer loop
      vertex  8.971242e+000  1.570998e+001  5.000000e+000
      vertex  8.513401e+000  1.628409e+001  0.000000e+000
      vertex  8.513401e+000  1.628409e+001  5.000000e+000
    endloop
  endfacet
  facet normal  9.749281e-001  2.225201e-001  0.000000e+000
    outer loop
      vertex  8.513401e+000  1.628409e+001  5.000000e+000
      vertex  8.513401e+000  1.628409e+001  0.000000e+000
      vertex  8.350000e+000  1.700000e+001 -8.881784e-016
    endloop
  endfacet
  facet normal  9.749281e-001  2.225201e-001  -0.000000e+000
    outer loop
      vertex  8.513401e+000  1.628409e+001  5.000000e+000
      vertex  8.350000e+000  1.700000e+001 -8.881784e-016
      vertex  8.350000e+000  1.700000e+001  5.000000e+000
    endloop
  endfacet
  facet normal  4.338841e-001 -9.009688e-001  0.000000e+000
    outer loop
      vertex  9.632840e+000 -1.539137e+001  0.000000e+000
      vertex  8.971242e+000 -1.570998e+001  5.000000e+000
      vertex  8.971242e+000 -1.570998e+001  0.000000e+000
    endloop
  endfacet
  facet normal  7.818312e-001 -6.234902e-001  0.000000e+000
    outer loop
      vertex  8.971242e+000 -1.570998e+001  0.000000e+000
      vertex  8.971242e+000 -1.570998e+001  5.000000e+000
      vertex  8.513401e+000 -1.628409e+001  5.000000e+000
    endloop
  endfacet
  facet normal  7.818312e-001 -6.234902e-001  0.000000e+000
    outer loop
      vertex  8.971242e+000 -1.570998e+001  0.000000e+000
      vertex  8.513401e+000 -1.628409e+001  5.000000e+000
      vertex  8.513401e+000 -1.628409e+001  0.000000e+000
    endloop
  endfacet
  facet normal  9.749281e-001 -2.225201e-001  0.000000e+000
    outer loop
      vertex  8.513401e+000 -1.628409e+001  0.000000e+000
      vertex  8.513401e+000 -1.628409e+001  5.000000e+000
      vertex  8.350000e+000 -1.700000e+001  5.000000e+000
    endloop
  endfacet
  facet normal  9.749281e-001 -2.225201e-001  0.000000e+000
    outer loop
      vertex  8.513401e+000 -1.628409e+001  0.000000e+000
      vertex  8.350000e+000 -1.700000e+001  5.000000e+000
      vertex  8.350000e+000 -1.700000e+001 -8.881784e-016
    endloop
  endfacet
  facet normal  4.338841e-001 -9.009688e-001  0.000000e+000
    outer loop
      vertex  8.971242e+000 -1.570998e+001  5.000000e+000
      vertex  9.632840e+000 -1.539137e+001  0.000000e+000
      vertex  9.632840e+000 -1.539137e+001  5.000000e+000
    endloop
  endfacet
  facet normal  0.000000e+000 -1.000000e+000  0.000000e+000
    outer loop
      vertex  9.632840e+000 -1.539137e+001  5.000000e+000
      vertex  9.632840e+000 -1.539137e+001  0.000000e+000
      vertex  1.036716e+001 -1.539137e+001  0.000000e+000
    endloop
  endfacet
  facet normal  0.000000e+000 -1.000000e+000  0.000000e+000
    outer loop
      vertex  9.632840e+000 -1.539137e+001  5.000000e+000
      vertex  1.036716e+001 -1.539137e+001  0.000000e+000
      vertex  1.036716e+001 -1.539137e+001  5.000000e+000
    endloop
  endfacet
  facet normal -4.338841e-001 -9.009688e-001  -0.000000e+000
    outer loop
      vertex  1.036716e+001 -1.539137e+001  5.000000e+000
      vertex  1.036716e+001 -1.539137e+001  0.000000e+000
      vertex  1.102876e+001 -1.570998e+001  0.000000e+000
    endloop
  endfacet
  facet normal -4.338841e-001 -9.009688e-001  0.000000e+000
    outer loop
      vertex  1.036716e+001 -1.539137e+001  5.000000e+000
      vertex  1.102876e+001 -1.570998e+001  0.000000e+000
      vertex  1.102876e+001 -1.570998e+001  5.000000e+000
    endloop
  endfacet
  facet normal -7.818312e-001 -6.234902e-001  -0.000000e+000
    outer loop
      vertex  1.102876e+001 -1.570998e+001  5.000000e+000
      vertex  1.102876e+001 -1.570998e+001  0.000000e+000
      vertex  1.148660e+001 -1.628409e+001  0.000000e+000
    endloop
  endfacet
  facet normal -7.818312e-001 -6.234902e-001  0.000000e+000
    outer loop
      vertex  1.102876e+001 -1.570998e+001  5.000000e+000
      vertex  1.148660e+001 -1.628409e+001  0.000000e+000
      vertex  1.148660e+001 -1.628409e+001  5.000000e+000
    endloop
  endfacet
  facet normal -9.749281e-001 -2.225201e-001  -0.000000e+000
    outer loop
      vertex  1.148660e+001 -1.628409e+001  5.000000e+000
      vertex  1.148660e+001 -1.628409e+001  0.000000e+000
      vertex  1.165000e+001 -1.700000e+001  0.000000e+000
    endloop
  endfacet
  facet normal -9.749281e-001 -2.225201e-001  0.000000e+000
    outer loop
      vertex  1.148660e+001 -1.628409e+001  5.000000e+000
      vertex  1.165000e+001 -1.700000e+001  0.000000e+000
      vertex  1.165000e+001 -1.700000e+001  5.000000e+000
    endloop
  endfacet
  facet normal -4.338841e-001  9.009688e-001  0.000000e+000
    outer loop
      vertex  1.036716e+001 -1.860863e+001  0.000000e+000
      vertex  1.102876e+001 -1.829002e+001  5.000000e+000
      vertex  1.102876e+001 -1.829002e+001  0.000000e+000
    endloop
  endfacet
  facet normal -7.818312e-001  6.234902e-001  0.000000e+000
    outer loop
      vertex  1.102876e+001 -1.829002e+001  0.000000e+000
      vertex  1.102876e+001 -1.829002e+001  5.000000e+000
      vertex  1.148660e+001 -1.771591e+001  5.000000e+000
    endloop
  endfacet
  facet normal -7.818312e-001  6.234902e-001  0.000000e+000
    outer loop
      vertex  1.102876e+001 -1.829002e+001  0.000000e+000
      vertex  1.148660e+001 -1.771591e+001  5.000000e+000
      vertex  1.148660e+001 -1.771591e+001  0.000000e+000
    endloop
  endfacet
  facet normal -9.749281e-001  2.225201e-001  0.000000e+000
    outer loop
      vertex  1.148660e+001 -1.771591e+001  0.000000e+000
      vertex  1.148660e+001 -1.771591e+001  5.000000e+000
      vertex  1.165000e+001 -1.700000e+001  5.000000e+000
    endloop
  endfacet
  facet normal -9.749281e-001  2.225201e-001  0.000000e+000
    outer loop
      vertex  1.148660e+001 -1.771591e+001  0.000000e+000
      vertex  1.165000e+001 -1.700000e+001  5.000000e+000
      vertex  1.165000e+001 -1.700000e+001  0.000000e+000
    endloop
  endfacet
  facet normal -4.338841e-001  9.009688e-001  0.000000e+000
    outer loop
      vertex  1.102876e+001 -1.829002e+001  5.000000e+000
      vertex  1.036716e+001 -1.860863e+001  0.000000e+000
      vertex  1.036716e+001 -1.860863e+001  5.000000e+000
    endloop
  endfacet
  facet normal  0.000000e+000  1.000000e+000  0.000000e+000
    outer loop
      vertex  1.036716e+001 -1.860863e+001  5.000000e+000
      vertex  1.036716e+001 -1.860863e+001  0.000000e+000
      vertex  9.632840e+000 -1.860863e+001  0.000000e+000
    endloop
  endfacet
  facet normal  0.000000e+000  1.000000e+000  0.000000e+000
    outer loop
      vertex  1.036716e+001 -1.860863e+001  5.000000e+000
      vertex  9.632840e+000 -1.860863e+001  0.000000e+000
      vertex  9.632840e+000 -1.860863e+001  5.000000e+000
    endloop
  endfacet
  facet normal  4.338841e-001  9.009688e-001  0.000000e+000
    outer loop
      vertex  9.632840e+000 -1.860863e+001  5.000000e+000
      vertex  9.632840e+000 -1.860863e+001  0.000000e+000
      vertex  8.971242e+000 -1.829002e+001  0.000000e+000
    endloop
  endfacet
  facet normal  4.338841e-001  9.009688e-001  -0.000000e+000
    outer loop
      vertex  9.632840e+000 -1.860863e+001  5.000000e+000
      vertex  8.971242e+000 -1.829002e+001  0.000000e+000
      vertex  8.971242e+000 -1.829002e+001  5.000000e+000
    endloop
  endfacet
  facet normal  7.818312e-001  6.234902e-001  0.000000e+000
    outer loop
      vertex  8.971242e+000 -1.829002e+001  5.000000e+000
      vertex  8.971242e+000 -1.829002e+001  0.000000e+000
      vertex  8.513401e+000 -1.771591e+001  0.000000e+000
    endloop
  endfacet
  facet normal  7.818312e-001  6.234902e-001  -0.000000e+000
    outer loop
      vertex  8.971242e+000 -1.829002e+001  5.000000e+000
      vertex  8.513401e+000 -1.771591e+001  0.000000e+000
      vertex  8.513401e+000 -1.771591e+001  5.000000e+000
    endloop
  endfacet
  facet normal  9.749281e-001  2.225201e-001  0.000000e+000
    outer loop
      vertex  8.513401e+000 -1.771591e+001  5.000000e+000
      vertex  8.513401e+000 -1.771591e+001  0.000000e+000
      vertex  8.350000e+000 -1.700000e+001 -8.881784e-016
    endloop
  endfacet
  facet normal  9.749281e-001  2.225201e-001  -0.000000e+000
    outer loop
      vertex  8.513401e+000 -1.771591e+001  5.000000e+000
      vertex  8.350000e+000 -1.700000e+001 -8.881784e-016
      vertex  8.350000e+000 -1.700000e+001  5.000000e+000
    endloop
  endfacet
  facet normal  0.000000e+000 -1.000000e+000  0.000000e+000
    outer loop
      vertex -1.490474e+001 -1.975000e+001  3.000000e+000
      vertex -1.490474e+001 -1.975000e+001  2.000000e+000
      vertex -8.000000e+000 -1.975000e+001  2.000000e+000
    endloop
  endfacet
  facet normal  0.000000e+000 -1.000000e+000  0.000000e+000
    outer loop
      vertex -8.000000e+000 -1.975000e+001  2.000000e+000
      vertex -1.500000e+001 -1.975000e+001  4.500000e+000
      vertex -1.490474e+001 -1.975000e+001  3.000000e+000
    endloop
  endfacet
  facet normal  0.000000e+000 -1.000000e+000  0.000000e+000
    outer loop
      vertex -1.490474e+001 -1.975000e+001  3.000000e+000
      vertex -1.500000e+001 -1.975000e+001  4.500000e+000
      vertex -1.700000e+001 -1.975000e+001  4.500000e+000
    endloop
  endfacet
  facet normal  0.000000e+000 -1.000000e+000  0.000000e+000
    outer loop
      vertex -1.490474e+001 -1.975000e+001  3.000000e+000
      vertex -1.700000e+001 -1.975000e+001  4.500000e+000
      vertex -1.700000e+001 -1.975000e+001  3.000000e+000
    endloop
  endfacet
  facet normal  -0.000000e+000  0.000000e+000 -1.000000e+000
    outer loop
      vertex -1.700000e+001 -1.725000e+001  3.000000e+000
      vertex -1.500000e+001 -1.725000e+001  3.000000e+000
      vertex -1.700000e+001 -1.975000e+001  3.000000e+000
    endloop
  endfacet
  facet normal  0.000000e+000  0.000000e+000 -1.000000e+000
    outer loop
      vertex -1.700000e+001 -1.975000e+001  3.000000e+000
      vertex -1.500000e+001 -1.725000e+001  3.000000e+000
      vertex -1.500000e+001 -1.900000e+001  3.000000e+000
    endloop
  endfacet
  facet normal  0.000000e+000  -0.000000e+000 -1.000000e+000
    outer loop
      vertex -1.700000e+001 -1.975000e+001  3.000000e+000
      vertex -1.500000e+001 -1.900000e+001  3.000000e+000
      vertex -1.490474e+001 -1.975000e+001  3.000000e+000
    endloop
  endfacet
  facet normal -1.000000e+000  0.000000e+000  0.000000e+000
    outer loop
      vertex -1.500000e+001  1.900000e+001  0.000000e+000
      vertex -1.500000e+001 -1.900000e+001  0.000000e+000
      vertex -1.500000e+001 -1.725000e+001  2.000000e+000
    endloop
  endfacet
  facet normal -9.999999e-001  0.000000e+000  0.000000e+000
    outer loop
      vertex -1.500000e+001  1.900000e+001  0.000000e+000
      vertex -1.500000e+001 -1.725000e+001  2.000000e+000
      vertex -1.500000e+001 -2.000000e+000  2.000000e+000
    endloop
  endfacet
  facet normal -1.000000e+000  0.000000e+000  0.000000e+000
    outer loop
      vertex -1.500000e+001  1.900000e+001  0.000000e+000
      vertex -1.500000e+001 -2.000000e+000  2.000000e+000
      vertex -1.500000e+001  2.000000e+000  2.000000e+000
    endloop
  endfacet
  facet normal -9.999999e-001  0.000000e+000  0.000000e+000
    outer loop
      vertex -1.500000e+001  1.900000e+001  0.000000e+000
      vertex -1.500000e+001  2.000000e+000  2.000000e+000
      vertex -1.500000e+001  1.725000e+001  2.000000e+000
    endloop
  endfacet
  facet normal -1.000000e+000  0.000000e+000  0.000000e+000
    outer loop
      vertex -1.500000e+001  1.900000e+001  0.000000e+000
      vertex -1.500000e+001  1.725000e+001  2.000000e+000
      vertex -1.500000e+001  1.725000e+001  3.000000e+000
    endloop
  endfacet
  facet normal -1.000000e+000  0.000000e+000  0.000000e+000
    outer loop
      vertex -1.500000e+001  1.900000e+001  0.000000e+000
      vertex -1.500000e+001  1.725000e+001  3.000000e+000
      vertex -1.500000e+001  1.900000e+001  3.000000e+000
    endloop
  endfacet
  facet normal -1.000000e+000  0.000000e+000  0.000000e+000
    outer loop
      vertex -1.500000e+001  2.000000e+000  3.000000e+000
      vertex -1.500000e+001  2.000000e+000  2.000000e+000
      vertex -1.500000e+001 -2.000000e+000  3.000000e+000
    endloop
  endfacet
  facet normal -1.000000e+000  0.000000e+000  0.000000e+000
    outer loop
      vertex -1.500000e+001 -2.000000e+000  3.000000e+000
      vertex -1.500000e+001  2.000000e+000  2.000000e+000
      vertex -1.500000e+001 -2.000000e+000  2.000000e+000
    endloop
  endfacet
  facet normal -1.000000e+000  -0.000000e+000  0.000000e+000
    outer loop
      vertex -1.500000e+001 -1.900000e+001  3.000000e+000
      vertex -1.500000e+001 -1.725000e+001  3.000000e+000
      vertex -1.500000e+001 -1.900000e+001  0.000000e+000
    endloop
  endfacet
  facet normal -1.000000e+000  0.000000e+000  0.000000e+000
    outer loop
      vertex -1.500000e+001 -1.900000e+001  0.000000e+000
      vertex -1.500000e+001 -1.725000e+001  3.000000e+000
      vertex -1.500000e+001 -1.725000e+001  2.000000e+000
    endloop
  endfacet
  facet normal  0.000000e+000  1.000000e+000  0.000000e+000
    outer loop
      vertex -8.000000e+000  1.975000e+001  2.000000e+000
      vertex -1.490474e+001  1.975000e+001  2.000000e+000
      vertex -1.490474e+001  1.975000e+001  3.000000e+000
    endloop
  endfacet
  facet normal  0.000000e+000  1.000000e+000  0.000000e+000
    outer loop
      vertex -1.700000e+001  1.975000e+001  3.000000e+000
      vertex -1.700000e+001  1.975000e+001  4.500000e+000
      vertex -1.490474e+001  1.975000e+001  3.000000e+000
    endloop
  endfacet
  facet normal  0.000000e+000  1.000000e+000  0.000000e+000
    outer loop
      vertex -1.490474e+001  1.975000e+001  3.000000e+000
      vertex -1.700000e+001  1.975000e+001  4.500000e+000
      vertex -1.500000e+001  1.975000e+001  4.500000e+000
    endloop
  endfacet
  facet normal  0.000000e+000  1.000000e+000  0.000000e+000
    outer loop
      vertex -1.490474e+001  1.975000e+001  3.000000e+000
      vertex -1.500000e+001  1.975000e+001  4.500000e+000
      vertex -8.000000e+000  1.975000e+001  2.000000e+000
    endloop
  endfacet
  facet normal  0.000000e+000  0.000000e+000 -1.000000e+000
    outer loop
      vertex -1.500000e+001  1.725000e+001  3.000000e+000
      vertex -1.700000e+001  1.725000e+001  3.000000e+000
      vertex -1.500000e+001  1.900000e+001  3.000000e+000
    endloop
  endfacet
  facet normal  -0.000000e+000  0.000000e+000 -1.000000e+000
    outer loop
      vertex -1.500000e+001  1.900000e+001  3.000000e+000
      vertex -1.700000e+001  1.725000e+001  3.000000e+000
      vertex -1.700000e+001  1.975000e+001  3.000000e+000
    endloop
  endfacet
  facet normal  0.000000e+000  0.000000e+000 -1.000000e+000
    outer loop
      vertex -1.500000e+001  1.900000e+001  3.000000e+000
      vertex -1.700000e+001  1.975000e+001  3.000000e+000
      vertex -1.490474e+001  1.975000e+001  3.000000e+000
    endloop
  endfacet
  facet normal -9.140586e-001  4.053948e-001  1.231980e-002
    outer loop
      vertex -1.490474e+001  1.975000e+001  2.000000e+000
      vertex -1.450575e+001  2.064961e+001  2.000000e+000
      vertex -1.485317e+001  1.992705e+001  0.000000e+000
    endloop
  endfacet
  facet normal -9.876216e-001  1.564239e-001 -1.161730e-002
    outer loop
      vertex -1.490474e+001  1.975000e+001  2.000000e+000
      vertex -1.485317e+001  1.992705e+001  0.000000e+000
      vertex -1.500000e+001  1.900000e+001  0.000000e+000
    endloop
  endfacet
  facet normal -9.920296e-001  1.260043e-001  0.000000e+000
    outer loop
      vertex -1.490474e+001  1.975000e+001  2.000000e+000
      vertex -1.500000e+001  1.900000e+001  0.000000e+000
      vertex -1.500000e+001  1.900000e+001  3.000000e+000
    endloop
  endfacet
  facet normal -9.920298e-001  1.260044e-001  0.000000e+000
    outer loop
      vertex -1.490474e+001  1.975000e+001  2.000000e+000
      vertex -1.500000e+001  1.900000e+001  3.000000e+000
      vertex -1.490474e+001  1.975000e+001  3.000000e+000
    endloop
  endfacet
  facet normal -1.640198e-001  9.864570e-001  0.000000e+000
    outer loop
      vertex -1.200000e+001  2.200000e+001  2.000000e+000
      vertex -1.200000e+001  2.200000e+001  0.000000e+000
      vertex -1.297079e+001  2.183858e+001  2.000000e+000
    endloop
  endfacet
  facet normal -1.564325e-001  9.876814e-001  3.781636e-003
    outer loop
      vertex -1.297079e+001  2.183858e+001  2.000000e+000
      vertex -1.200000e+001  2.200000e+001  0.000000e+000
      vertex -1.292705e+001  2.185317e+001  0.000000e+000
    endloop
  endfacet
  facet normal -4.744065e-001  8.802970e-001 -3.955778e-003
    outer loop
      vertex -1.297079e+001  2.183858e+001  2.000000e+000
      vertex -1.292705e+001  2.185317e+001  0.000000e+000
      vertex -1.383712e+001  2.137171e+001  2.000000e+000
    endloop
  endfacet
  facet normal -4.539762e-001  8.909788e-001  7.912132e-003
    outer loop
      vertex -1.383712e+001  2.137171e+001  2.000000e+000
      vertex -1.292705e+001  2.185317e+001  0.000000e+000
      vertex -1.376336e+001  2.142705e+001  0.000000e+000
    endloop
  endfacet
  facet normal -7.337226e-001  6.793988e-001 -8.259855e-003
    outer loop
      vertex -1.383712e+001  2.137171e+001  2.000000e+000
      vertex -1.376336e+001  2.142705e+001  0.000000e+000
      vertex -1.450575e+001  2.064961e+001  2.000000e+000
    endloop
  endfacet
  facet normal -7.070535e-001  7.070515e-001  1.238878e-002
    outer loop
      vertex -1.450575e+001  2.064961e+001  2.000000e+000
      vertex -1.376336e+001  2.142705e+001  0.000000e+000
      vertex -1.442705e+001  2.076336e+001  0.000000e+000
    endloop
  endfacet
  facet normal -8.909681e-001  4.539718e-001 -9.241180e-003
    outer loop
      vertex -1.450575e+001  2.064961e+001  2.000000e+000
      vertex -1.442705e+001  2.076336e+001  0.000000e+000
      vertex -1.485317e+001  1.992705e+001  0.000000e+000
    endloop
  endfacet
  facet normal -9.920298e-001 -1.260044e-001  -0.000000e+000
    outer loop
      vertex -1.490474e+001 -1.975000e+001  2.000000e+000
      vertex -1.490474e+001 -1.975000e+001  3.000000e+000
      vertex -1.500000e+001 -1.900000e+001  3.000000e+000
    endloop
  endfacet
  facet normal -9.920296e-001 -1.260043e-001  -0.000000e+000
    outer loop
      vertex -1.490474e+001 -1.975000e+001  2.000000e+000
      vertex -1.500000e+001 -1.900000e+001  3.000000e+000
      vertex -1.500000e+001 -1.900000e+001  0.000000e+000
    endloop
  endfacet
  facet normal -9.876216e-001 -1.564239e-001 -1.161730e-002
    outer loop
      vertex -1.490474e+001 -1.975000e+001  2.000000e+000
      vertex -1.500000e+001 -1.900000e+001  0.000000e+000
      vertex -1.485317e+001 -1.992705e+001  0.000000e+000
    endloop
  endfacet
  facet normal -9.140586e-001 -4.053948e-001  1.231979e-002
    outer loop
      vertex -1.490474e+001 -1.975000e+001  2.000000e+000
      vertex -1.485317e+001 -1.992705e+001  0.000000e+000
      vertex -1.450575e+001 -2.064961e+001  2.000000e+000
    endloop
  endfacet
  facet normal -1.564336e-001 -9.876884e-001  -0.000000e+000
    outer loop
      vertex -1.200000e+001 -2.200000e+001  0.000000e+000
      vertex -1.200000e+001 -2.200000e+001  2.000000e+000
      vertex -1.292705e+001 -2.185317e+001  0.000000e+000
    endloop
  endfacet
  facet normal -1.640187e-001 -9.864507e-001  3.606746e-003
    outer loop
      vertex -1.292705e+001 -2.185317e+001  0.000000e+000
      vertex -1.200000e+001 -2.200000e+001  2.000000e+000
      vertex -1.297079e+001 -2.183858e+001  2.000000e+000
    endloop
  endfacet
  facet normal -4.539877e-001 -8.910014e-001 -3.431142e-003
    outer loop
      vertex -1.292705e+001 -2.185317e+001  0.000000e+000
      vertex -1.297079e+001 -2.183858e+001  2.000000e+000
      vertex -1.376336e+001 -2.142705e+001  0.000000e+000
    endloop
  endfacet
  facet normal -4.743991e-001 -8.802832e-001  6.862961e-003
    outer loop
      vertex -1.376336e+001 -2.142705e+001  0.000000e+000
      vertex -1.297079e+001 -2.183858e+001  2.000000e+000
      vertex -1.383712e+001 -2.137171e+001  2.000000e+000
    endloop
  endfacet
  facet normal -7.070929e-001 -7.070908e-001 -6.511448e-003
    outer loop
      vertex -1.376336e+001 -2.142705e+001  0.000000e+000
      vertex -1.383712e+001 -2.137171e+001  2.000000e+000
      vertex -1.442705e+001 -2.076336e+001  0.000000e+000
    endloop
  endfacet
  facet normal -7.337127e-001 -6.793897e-001  9.766581e-003
    outer loop
      vertex -1.442705e+001 -2.076336e+001  0.000000e+000
      vertex -1.383712e+001 -2.137171e+001  2.000000e+000
      vertex -1.450575e+001 -2.064961e+001  2.000000e+000
    endloop
  endfacet
  facet normal -8.909681e-001 -4.539718e-001 -9.241180e-003
    outer loop
      vertex -1.442705e+001 -2.076336e+001  0.000000e+000
      vertex -1.450575e+001 -2.064961e+001  2.000000e+000
      vertex -1.485317e+001 -1.992705e+001  0.000000e+000
    endloop
  endfacet
  facet normal -1.000000e+000  0.000000e+000  0.000000e+000
    outer loop
      vertex -1.700000e+001  1.725000e+001  3.000000e+000
      vertex -1.700000e+001  1.725000e+001  4.500000e+000
      vertex -1.700000e+001  1.975000e+001  3.000000e+000
    endloop
  endfacet
  facet normal -1.000000e+000  0.000000e+000  0.000000e+000
    outer loop
      vertex -1.700000e+001  1.975000e+001  3.000000e+000
      vertex -1.700000e+001  1.725000e+001  4.500000e+000
      vertex -1.700000e+001  1.975000e+001  4.500000e+000
    endloop
  endfacet
  facet normal -1.000000e+000  0.000000e+000  0.000000e+000
    outer loop
      vertex -1.700000e+001 -1.975000e+001  3.000000e+000
      vertex -1.700000e+001 -1.975000e+001  4.500000e+000
      vertex -1.700000e+001 -1.725000e+001  3.000000e+000
    endloop
  endfacet
  facet normal -1.000000e+000  0.000000e+000  0.000000e+000
    outer loop
      vertex -1.700000e+001 -1.725000e+001  3.000000e+000
      vertex -1.700000e+001 -1.975000e+001  4.500000e+000
      vertex -1.700000e+001 -1.725000e+001  4.500000e+000
    endloop
  endfacet
  facet normal  0.000000e+000  0.000000e+000  1.000000e+000
    outer loop
      vertex  1.002876e+001 -5.209978e+000  7.500000e+000
      vertex  1.048660e+001 -5.784092e+000  7.500000e+000
      vertex  9.367160e+000  4.891369e+000  7.500000e+000
    endloop
  endfacet
  facet normal  0.000000e+000  0.000000e+000  1.000000e+000
    outer loop
      vertex  8.632840e+000 -4.891369e+000  7.500000e+000
      vertex  8.632840e+000  4.891369e+000  7.500000e+000
      vertex  7.971242e+000 -5.209978e+000  7.500000e+000
    endloop
  endfacet
  facet normal  0.000000e+000  -0.000000e+000  1.000000e+000
    outer loop
      vertex  7.513402e+000 -5.784092e+000  7.500000e+000
      vertex  7.971242e+000 -5.209978e+000  7.500000e+000
      vertex  8.632840e+000  4.891369e+000  7.500000e+000
    endloop
  endfacet
  facet normal  0.000000e+000  0.000000e+000  1.000000e+000
    outer loop
      vertex  5.000000e+000 -9.500000e+000  7.500000e+000
      vertex  9.000000e+000 -1.350000e+001  7.500000e+000
      vertex  8.632840e+000 -8.108631e+000  7.500000e+000
    endloop
  endfacet
  facet normal  0.000000e+000  0.000000e+000  1.000000e+000
    outer loop
      vertex  5.000000e+000 -9.500000e+000  7.500000e+000
      vertex  8.632840e+000 -8.108631e+000  7.500000e+000
      vertex  7.971242e+000 -7.790022e+000  7.500000e+000
    endloop
  endfacet
  facet normal  0.000000e+000  0.000000e+000  9.999999e-001
    outer loop
      vertex  5.000000e+000 -9.500000e+000  7.500000e+000
      vertex  7.971242e+000 -7.790022e+000  7.500000e+000
      vertex  7.513402e+000 -7.215908e+000  7.500000e+000
    endloop
  endfacet
  facet normal  0.000000e+000  0.000000e+000  1.000000e+000
    outer loop
      vertex  5.000000e+000 -9.500000e+000  7.500000e+000
      vertex  7.513402e+000 -7.215908e+000  7.500000e+000
      vertex  7.350000e+000 -6.500000e+000  7.500000e+000
    endloop
  endfacet
  facet normal  0.000000e+000  -0.000000e+000  1.000000e+000
    outer loop
      vertex  5.000000e+000 -9.500000e+000  7.500000e+000
      vertex  7.350000e+000 -6.500000e+000  7.500000e+000
      vertex  7.513402e+000 -5.784092e+000  7.500000e+000
    endloop
  endfacet
  facet normal  0.000000e+000  -0.000000e+000  1.000000e+000
    outer loop
      vertex  5.000000e+000 -9.500000e+000  7.500000e+000
      vertex  7.513402e+000 -5.784092e+000  7.500000e+000
      vertex  8.632840e+000  4.891369e+000  7.500000e+000
    endloop
  endfacet
  facet normal  0.000000e+000  0.000000e+000  1.000000e+000
    outer loop
      vertex  5.000000e+000 -9.500000e+000  7.500000e+000
      vertex  8.632840e+000  4.891369e+000  7.500000e+000
      vertex  7.971242e+000  5.209978e+000  7.500000e+000
    endloop
  endfacet
  facet normal  0.000000e+000  0.000000e+000  1.000000e+000
    outer loop
      vertex  5.000000e+000 -9.500000e+000  7.500000e+000
      vertex  7.971242e+000  5.209978e+000  7.500000e+000
      vertex  7.513402e+000  5.784092e+000  7.500000e+000
    endloop
  endfacet
  facet normal  0.000000e+000  0.000000e+000  1.000000e+000
    outer loop
      vertex  5.000000e+000 -9.500000e+000  7.500000e+000
      vertex  7.513402e+000  5.784092e+000  7.500000e+000
      vertex  7.350000e+000  6.500000e+000  7.500000e+000
    endloop
  endfacet
  facet normal  0.000000e+000  0.000000e+000  1.000000e+000
    outer loop
      vertex  5.000000e+000  9.500000e+000  7.500000e+000
      vertex  7.763932e+000  1.330423e+001  7.500000e+000
      vertex  6.648859e+000  1.273607e+001  7.500000e+000
    endloop
  endfacet
  facet normal  0.000000e+000  0.000000e+000  1.000000e+000
    outer loop
      vertex  5.000000e+000  9.500000e+000  7.500000e+000
      vertex  6.648859e+000  1.273607e+001  7.500000e+000
      vertex  5.763932e+000  1.185114e+001  7.500000e+000
    endloop
  endfacet
  facet normal  0.000000e+000  0.000000e+000  1.000000e+000
    outer loop
      vertex  5.000000e+000  9.500000e+000  7.500000e+000
      vertex  5.763932e+000  1.185114e+001  7.500000e+000
      vertex  5.195774e+000  1.073607e+001  7.500000e+000
    endloop
  endfacet
  facet normal  0.000000e+000  0.000000e+000  1.000000e+000
    outer loop
      vertex  9.367160e+000  8.108631e+000  7.500000e+000
      vertex  1.300000e+001  9.500000e+000  7.500000e+000
      vertex  1.280423e+001  1.073607e+001  7.500000e+000
    endloop
  endfacet
  facet normal  0.000000e+000  0.000000e+000  1.000000e+000
    outer loop
      vertex  9.367160e+000  8.108631e+000  7.500000e+000
      vertex  1.280423e+001  1.073607e+001  7.500000e+000
      vertex  1.223607e+001  1.185114e+001  7.500000e+000
    endloop
  endfacet
  facet normal  0.000000e+000  0.000000e+000  1.000000e+000
    outer loop
      vertex  9.367160e+000  8.108631e+000  7.500000e+000
      vertex  1.223607e+001  1.185114e+001  7.500000e+000
      vertex  1.135114e+001  1.273607e+001  7.500000e+000
    endloop
  endfacet
  facet normal  0.000000e+000  0.000000e+000  1.000000e+000
    outer loop
      vertex  9.367160e+000  8.108631e+000  7.500000e+000
      vertex  1.135114e+001  1.273607e+001  7.500000e+000
      vertex  1.023607e+001  1.330423e+001  7.500000e+000
    endloop
  endfacet
  facet normal  0.000000e+000  0.000000e+000  1.000000e+000
    outer loop
      vertex  9.000000e+000 -1.350000e+001  7.500000e+000
      vertex  5.000000e+000 -9.500000e+000  7.500000e+000
      vertex  5.195774e+000 -1.073607e+001  7.500000e+000
    endloop
  endfacet
  facet normal  0.000000e+000  0.000000e+000  1.000000e+000
    outer loop
      vertex  9.000000e+000 -1.350000e+001  7.500000e+000
      vertex  5.195774e+000 -1.073607e+001  7.500000e+000
      vertex  5.763932e+000 -1.185114e+001  7.500000e+000
    endloop
  endfacet
  facet normal  0.000000e+000  0.000000e+000  1.000000e+000
    outer loop
      vertex  9.000000e+000 -1.350000e+001  7.500000e+000
      vertex  5.763932e+000 -1.185114e+001  7.500000e+000
      vertex  6.648859e+000 -1.273607e+001  7.500000e+000
    endloop
  endfacet
  facet normal  0.000000e+000  0.000000e+000  1.000000e+000
    outer loop
      vertex  9.000000e+000 -1.350000e+001  7.500000e+000
      vertex  6.648859e+000 -1.273607e+001  7.500000e+000
      vertex  7.763932e+000 -1.330423e+001  7.500000e+000
    endloop
  endfacet
  facet normal  0.000000e+000  0.000000e+000  1.000000e+000
    outer loop
      vertex  5.000000e+000  9.500000e+000  7.500000e+000
      vertex  5.000000e+000 -9.500000e+000  7.500000e+000
      vertex  7.350000e+000  6.500000e+000  7.500000e+000
    endloop
  endfacet
  facet normal  0.000000e+000  -0.000000e+000  1.000000e+000
    outer loop
      vertex  5.000000e+000  9.500000e+000  7.500000e+000
      vertex  7.350000e+000  6.500000e+000  7.500000e+000
      vertex  7.513402e+000  7.215908e+000  7.500000e+000
    endloop
  endfacet
  facet normal  0.000000e+000  -0.000000e+000  9.999999e-001
    outer loop
      vertex  5.000000e+000  9.500000e+000  7.500000e+000
      vertex  7.513402e+000  7.215908e+000  7.500000e+000
      vertex  7.971242e+000  7.790022e+000  7.500000e+000
    endloop
  endfacet
  facet normal  0.000000e+000  -0.000000e+000  1.000000e+000
    outer loop
      vertex  5.000000e+000  9.500000e+000  7.500000e+000
      vertex  7.971242e+000  7.790022e+000  7.500000e+000
      vertex  8.632840e+000  8.108631e+000  7.500000e+000
    endloop
  endfacet
  facet normal  0.000000e+000  -0.000000e+000  1.000000e+000
    outer loop
      vertex  9.000000e+000 -1.350000e+001  7.500000e+000
      vertex  1.023607e+001 -1.330423e+001  7.500000e+000
      vertex  1.135114e+001 -1.273607e+001  7.500000e+000
    endloop
  endfacet
  facet normal  0.000000e+000  -0.000000e+000  1.000000e+000
    outer loop
      vertex  9.000000e+000 -1.350000e+001  7.500000e+000
      vertex  1.135114e+001 -1.273607e+001  7.500000e+000
      vertex  1.223607e+001 -1.185114e+001  7.500000e+000
    endloop
  endfacet
  facet normal  0.000000e+000  -0.000000e+000  1.000000e+000
    outer loop
      vertex  9.000000e+000 -1.350000e+001  7.500000e+000
      vertex  1.223607e+001 -1.185114e+001  7.500000e+000
      vertex  1.280423e+001 -1.073607e+001  7.500000e+000
    endloop
  endfacet
  facet normal  0.000000e+000  -0.000000e+000  1.000000e+000
    outer loop
      vertex  9.000000e+000 -1.350000e+001  7.500000e+000
      vertex  1.280423e+001 -1.073607e+001  7.500000e+000
      vertex  1.300000e+001 -9.500000e+000  7.500000e+000
    endloop
  endfacet
  facet normal  0.000000e+000  0.000000e+000  1.000000e+000
    outer loop
      vertex  9.000000e+000 -1.350000e+001  7.500000e+000
      vertex  1.300000e+001 -9.500000e+000  7.500000e+000
      vertex  9.367160e+000 -8.108631e+000  7.500000e+000
    endloop
  endfacet
  facet normal  0.000000e+000  0.000000e+000  1.000000e+000
    outer loop
      vertex  9.000000e+000 -1.350000e+001  7.500000e+000
      vertex  9.367160e+000 -8.108631e+000  7.500000e+000
      vertex  8.632840e+000 -8.108631e+000  7.500000e+000
    endloop
  endfacet
  facet normal  0.000000e+000  0.000000e+000  1.000000e+000
    outer loop
      vertex  1.300000e+001 -9.500000e+000  7.500000e+000
      vertex  1.065000e+001  6.500000e+000  7.500000e+000
      vertex  1.048660e+001  5.784092e+000  7.500000e+000
    endloop
  endfacet
  facet normal  0.000000e+000  0.000000e+000  1.000000e+000
    outer loop
      vertex  1.300000e+001 -9.500000e+000  7.500000e+000
      vertex  1.048660e+001  5.784092e+000  7.500000e+000
      vertex  1.002876e+001  5.209978e+000  7.500000e+000
    endloop
  endfacet
  facet normal  0.000000e+000  0.000000e+000  1.000000e+000
    outer loop
      vertex  1.300000e+001 -9.500000e+000  7.500000e+000
      vertex  1.002876e+001  5.209978e+000  7.500000e+000
      vertex  9.367160e+000  4.891369e+000  7.500000e+000
    endloop
  endfacet
  facet normal  0.000000e+000  0.000000e+000  1.000000e+000
    outer loop
      vertex  1.300000e+001 -9.500000e+000  7.500000e+000
      vertex  9.367160e+000  4.891369e+000  7.500000e+000
      vertex  1.048660e+001 -5.784092e+000  7.500000e+000
    endloop
  endfacet
  facet normal  0.000000e+000  0.000000e+000  1.000000e+000
    outer loop
      vertex  1.300000e+001 -9.500000e+000  7.500000e+000
      vertex  1.048660e+001 -5.784092e+000  7.500000e+000
      vertex  1.065000e+001 -6.500000e+000  7.500000e+000
    endloop
  endfacet
  facet normal  0.000000e+000  0.000000e+000  1.000000e+000
    outer loop
      vertex  1.300000e+001 -9.500000e+000  7.500000e+000
      vertex  1.065000e+001 -6.500000e+000  7.500000e+000
      vertex  1.048660e+001 -7.215908e+000  7.500000e+000
    endloop
  endfacet
  facet normal  0.000000e+000  0.000000e+000  1.000000e+000
    outer loop
      vertex  1.300000e+001 -9.500000e+000  7.500000e+000
      vertex  1.048660e+001 -7.215908e+000  7.500000e+000
      vertex  1.002876e+001 -7.790022e+000  7.500000e+000
    endloop
  endfacet
  facet normal  0.000000e+000  0.000000e+000  1.000000e+000
    outer loop
      vertex  1.300000e+001 -9.500000e+000  7.500000e+000
      vertex  1.002876e+001 -7.790022e+000  7.500000e+000
      vertex  9.367160e+000 -8.108631e+000  7.500000e+000
    endloop
  endfacet
  facet normal  -0.000000e+000  0.000000e+000  1.000000e+000
    outer loop
      vertex  1.300000e+001  9.500000e+000  7.500000e+000
      vertex  9.367160e+000  8.108631e+000  7.500000e+000
      vertex  1.002876e+001  7.790022e+000  7.500000e+000
    endloop
  endfacet
  facet normal  -0.000000e+000  0.000000e+000  1.000000e+000
    outer loop
      vertex  1.300000e+001  9.500000e+000  7.500000e+000
      vertex  1.002876e+001  7.790022e+000  7.500000e+000
      vertex  1.048660e+001  7.215908e+000  7.500000e+000
    endloop
  endfacet
  facet normal  -0.000000e+000  0.000000e+000  1.000000e+000
    outer loop
      vertex  1.300000e+001  9.500000e+000  7.500000e+000
      vertex  1.048660e+001  7.215908e+000  7.500000e+000
      vertex  1.065000e+001  6.500000e+000  7.500000e+000
    endloop
  endfacet
  facet normal  -0.000000e+000  0.000000e+000  1.000000e+000
    outer loop
      vertex  1.300000e+001  9.500000e+000  7.500000e+000
      vertex  1.065000e+001  6.500000e+000  7.500000e+000
      vertex  1.300000e+001 -9.500000e+000  7.500000e+000
    endloop
  endfacet
  facet normal  0.000000e+000  0.000000e+000  1.000000e+000
    outer loop
      vertex  8.632840e+000  4.891369e+000  7.500000e+000
      vertex  8.632840e+000 -4.891369e+000  7.500000e+000
      vertex  9.367160e+000  4.891369e+000  7.500000e+000
    endloop
  endfacet
  facet normal  0.000000e+000  0.000000e+000  1.000000e+000
    outer loop
      vertex  9.367160e+000  4.891369e+000  7.500000e+000
      vertex  8.632840e+000 -4.891369e+000  7.500000e+000
      vertex  9.367160e+000 -4.891369e+000  7.500000e+000
    endloop
  endfacet
  facet normal  -0.000000e+000  0.000000e+000  1.000000e+000
    outer loop
      vertex  9.367160e+000  4.891369e+000  7.500000e+000
      vertex  9.367160e+000 -4.891369e+000  7.500000e+000
      vertex  1.002876e+001 -5.209978e+000  7.500000e+000
    endloop
  endfacet
  facet normal  0.000000e+000  0.000000e+000  9.999999e-001
    outer loop
      vertex  9.367160e+000  8.108631e+000  7.500000e+000
      vertex  1.023607e+001  1.330423e+001  7.500000e+000
      vertex  8.632840e+000  8.108631e+000  7.500000e+000
    endloop
  endfacet
  facet normal  0.000000e+000  0.000000e+000  1.000000e+000
    outer loop
      vertex  8.632840e+000  8.108631e+000  7.500000e+000
      vertex  1.023607e+001  1.330423e+001  7.500000e+000
      vertex  9.000000e+000  1.350000e+001  7.500000e+000
    endloop
  endfacet
  facet normal  0.000000e+000  0.000000e+000  1.000000e+000
    outer loop
      vertex  8.632840e+000  8.108631e+000  7.500000e+000
      vertex  9.000000e+000  1.350000e+001  7.500000e+000
      vertex  5.000000e+000  9.500000e+000  7.500000e+000
    endloop
  endfacet
  facet normal  0.000000e+000  0.000000e+000  1.000000e+000
    outer loop
      vertex  5.000000e+000  9.500000e+000  7.500000e+000
      vertex  9.000000e+000  1.350000e+001  7.500000e+000
      vertex  7.763932e+000  1.330423e+001  7.500000e+000
    endloop
  endfacet
  facet normal -1.000000e+000  -0.000000e+000  0.000000e+000
    outer loop
      vertex  5.000000e+000 -9.500000e+000  7.500000e+000
      vertex  5.000000e+000  9.500000e+000  7.500000e+000
      vertex  5.000000e+000 -9.500000e+000  5.000000e+000
    endloop
  endfacet
  facet normal -1.000000e+000  0.000000e+000  0.000000e+000
    outer loop
      vertex  5.000000e+000 -9.500000e+000  5.000000e+000
      vertex  5.000000e+000  9.500000e+000  7.500000e+000
      vertex  5.000000e+000  9.500000e+000  5.000000e+000
    endloop
  endfacet
  facet normal -4.338841e-001  9.009687e-001  0.000000e+000
    outer loop
      vertex  9.367160e+000  4.891369e+000  0.000000e+000
      vertex  1.002876e+001  5.209978e+000  7.500000e+000
      vertex  1.002876e+001  5.209978e+000  0.000000e+000
    endloop
  endfacet
  facet normal -7.818312e-001  6.234901e-001  0.000000e+000
    outer loop
      vertex  1.002876e+001  5.209978e+000  0.000000e+000
      vertex  1.002876e+001  5.209978e+000  7.500000e+000
      vertex  1.048660e+001  5.784092e+000  7.500000e+000
    endloop
  endfacet
  facet normal -7.818312e-001  6.234901e-001  0.000000e+000
    outer loop
      vertex  1.002876e+001  5.209978e+000  0.000000e+000
      vertex  1.048660e+001  5.784092e+000  7.500000e+000
      vertex  1.048660e+001  5.784092e+000  0.000000e+000
    endloop
  endfacet
  facet normal -9.749281e-001  2.225200e-001  0.000000e+000
    outer loop
      vertex  1.048660e+001  5.784092e+000  0.000000e+000
      vertex  1.048660e+001  5.784092e+000  7.500000e+000
      vertex  1.065000e+001  6.500000e+000  7.500000e+000
    endloop
  endfacet
  facet normal -9.749281e-001  2.225200e-001  0.000000e+000
    outer loop
      vertex  1.048660e+001  5.784092e+000  0.000000e+000
      vertex  1.065000e+001  6.500000e+000  7.500000e+000
      vertex  1.065000e+001  6.500000e+000  0.000000e+000
    endloop
  endfacet
  facet normal -4.338841e-001  9.009687e-001  0.000000e+000
    outer loop
      vertex  1.002876e+001  5.209978e+000  7.500000e+000
      vertex  9.367160e+000  4.891369e+000  0.000000e+000
      vertex  9.367160e+000  4.891369e+000  7.500000e+000
    endloop
  endfacet
  facet normal  0.000000e+000  1.000000e+000  0.000000e+000
    outer loop
      vertex  9.367160e+000  4.891369e+000  7.500000e+000
      vertex  9.367160e+000  4.891369e+000  0.000000e+000
      vertex  8.632840e+000  4.891369e+000  0.000000e+000
    endloop
  endfacet
  facet normal  0.000000e+000  1.000000e+000  0.000000e+000
    outer loop
      vertex  9.367160e+000  4.891369e+000  7.500000e+000
      vertex  8.632840e+000  4.891369e+000  0.000000e+000
      vertex  8.632840e+000  4.891369e+000  7.500000e+000
    endloop
  endfacet
  facet normal  4.338841e-001  9.009687e-001  0.000000e+000
    outer loop
      vertex  8.632840e+000  4.891369e+000  7.500000e+000
      vertex  8.632840e+000  4.891369e+000  0.000000e+000
      vertex  7.971242e+000  5.209978e+000  0.000000e+000
    endloop
  endfacet
  facet normal  4.338841e-001  9.009687e-001  -0.000000e+000
    outer loop
      vertex  8.632840e+000  4.891369e+000  7.500000e+000
      vertex  7.971242e+000  5.209978e+000  0.000000e+000
      vertex  7.971242e+000  5.209978e+000  7.500000e+000
    endloop
  endfacet
  facet normal  7.818316e-001  6.234898e-001  0.000000e+000
    outer loop
      vertex  7.971242e+000  5.209978e+000  7.500000e+000
      vertex  7.971242e+000  5.209978e+000  0.000000e+000
      vertex  7.513402e+000  5.784092e+000  0.000000e+000
    endloop
  endfacet
  facet normal  7.818316e-001  6.234898e-001  -0.000000e+000
    outer loop
      vertex  7.971242e+000  5.209978e+000  7.500000e+000
      vertex  7.513402e+000  5.784092e+000  0.000000e+000
      vertex  7.513402e+000  5.784092e+000  7.500000e+000
    endloop
  endfacet
  facet normal  9.749278e-001  2.225213e-001  0.000000e+000
    outer loop
      vertex  7.513402e+000  5.784092e+000  7.500000e+000
      vertex  7.513402e+000  5.784092e+000  0.000000e+000
      vertex  7.350000e+000  6.500000e+000  0.000000e+000
    endloop
  endfacet
  facet normal  9.749278e-001  2.225213e-001  -0.000000e+000
    outer loop
      vertex  7.513402e+000  5.784092e+000  7.500000e+000
      vertex  7.350000e+000  6.500000e+000  0.000000e+000
      vertex  7.350000e+000  6.500000e+000  7.500000e+000
    endloop
  endfacet
  facet normal  4.338841e-001 -9.009687e-001  0.000000e+000
    outer loop
      vertex  8.632840e+000  8.108631e+000  0.000000e+000
      vertex  7.971242e+000  7.790022e+000  7.500000e+000
      vertex  7.971242e+000  7.790022e+000  0.000000e+000
    endloop
  endfacet
  facet normal  7.818316e-001 -6.234898e-001  0.000000e+000
    outer loop
      vertex  7.971242e+000  7.790022e+000  0.000000e+000
      vertex  7.971242e+000  7.790022e+000  7.500000e+000
      vertex  7.513402e+000  7.215908e+000  7.500000e+000
    endloop
  endfacet
  facet normal  7.818316e-001 -6.234898e-001  0.000000e+000
    outer loop
      vertex  7.971242e+000  7.790022e+000  0.000000e+000
      vertex  7.513402e+000  7.215908e+000  7.500000e+000
      vertex  7.513402e+000  7.215908e+000  0.000000e+000
    endloop
  endfacet
  facet normal  9.749278e-001 -2.225213e-001  0.000000e+000
    outer loop
      vertex  7.513402e+000  7.215908e+000  0.000000e+000
      vertex  7.513402e+000  7.215908e+000  7.500000e+000
      vertex  7.350000e+000  6.500000e+000  7.500000e+000
    endloop
  endfacet
  facet normal  9.749278e-001 -2.225213e-001  0.000000e+000
    outer loop
      vertex  7.513402e+000  7.215908e+000  0.000000e+000
      vertex  7.350000e+000  6.500000e+000  7.500000e+000
      vertex  7.350000e+000  6.500000e+000  0.000000e+000
    endloop
  endfacet
  facet normal  4.338841e-001 -9.009687e-001  0.000000e+000
    outer loop
      vertex  7.971242e+000  7.790022e+000  7.500000e+000
      vertex  8.632840e+000  8.108631e+000  0.000000e+000
      vertex  8.632840e+000  8.108631e+000  7.500000e+000
    endloop
  endfacet
  facet normal  0.000000e+000 -1.000000e+000  0.000000e+000
    outer loop
      vertex  8.632840e+000  8.108631e+000  7.500000e+000
      vertex  8.632840e+000  8.108631e+000  0.000000e+000
      vertex  9.367160e+000  8.108631e+000  0.000000e+000
    endloop
  endfacet
  facet normal  0.000000e+000 -1.000000e+000  0.000000e+000
    outer loop
      vertex  8.632840e+000  8.108631e+000  7.500000e+000
      vertex  9.367160e+000  8.108631e+000  0.000000e+000
      vertex  9.367160e+000  8.108631e+000  7.500000e+000
    endloop
  endfacet
  facet normal -4.338841e-001 -9.009687e-001  -0.000000e+000
    outer loop
      vertex  9.367160e+000  8.108631e+000  7.500000e+000
      vertex  9.367160e+000  8.108631e+000  0.000000e+000
      vertex  1.002876e+001  7.790022e+000  0.000000e+000
    endloop
  endfacet
  facet normal -4.338841e-001 -9.009687e-001  0.000000e+000
    outer loop
      vertex  9.367160e+000  8.108631e+000  7.500000e+000
      vertex  1.002876e+001  7.790022e+000  0.000000e+000
      vertex  1.002876e+001  7.790022e+000  7.500000e+000
    endloop
  endfacet
  facet normal -7.818312e-001 -6.234901e-001  -0.000000e+000
    outer loop
      vertex  1.002876e+001  7.790022e+000  7.500000e+000
      vertex  1.002876e+001  7.790022e+000  0.000000e+000
      vertex  1.048660e+001  7.215908e+000  0.000000e+000
    endloop
  endfacet
  facet normal -7.818312e-001 -6.234901e-001  0.000000e+000
    outer loop
      vertex  1.002876e+001  7.790022e+000  7.500000e+000
      vertex  1.048660e+001  7.215908e+000  0.000000e+000
      vertex  1.048660e+001  7.215908e+000  7.500000e+000
    endloop
  endfacet
  facet normal -9.749281e-001 -2.225200e-001  -0.000000e+000
    outer loop
      vertex  1.048660e+001  7.215908e+000  7.500000e+000
      vertex  1.048660e+001  7.215908e+000  0.000000e+000
      vertex  1.065000e+001  6.500000e+000  0.000000e+000
    endloop
  endfacet
  facet normal -9.749281e-001 -2.225200e-001  0.000000e+000
    outer loop
      vertex  1.048660e+001  7.215908e+000  7.500000e+000
      vertex  1.065000e+001  6.500000e+000  0.000000e+000
      vertex  1.065000e+001  6.500000e+000  7.500000e+000
    endloop
  endfacet
  facet normal -4.338841e-001  9.009687e-001  0.000000e+000
    outer loop
      vertex  9.367160e+000 -8.108631e+000  0.000000e+000
      vertex  1.002876e+001 -7.790022e+000  7.500000e+000
      vertex  1.002876e+001 -7.790022e+000  0.000000e+000
    endloop
  endfacet
  facet normal -7.818312e-001  6.234901e-001  0.000000e+000
    outer loop
      vertex  1.002876e+001 -7.790022e+000  0.000000e+000
      vertex  1.002876e+001 -7.790022e+000  7.500000e+000
      vertex  1.048660e+001 -7.215908e+000  7.500000e+000
    endloop
  endfacet
  facet normal -7.818312e-001  6.234901e-001  0.000000e+000
    outer loop
      vertex  1.002876e+001 -7.790022e+000  0.000000e+000
      vertex  1.048660e+001 -7.215908e+000  7.500000e+000
      vertex  1.048660e+001 -7.215908e+000  0.000000e+000
    endloop
  endfacet
  facet normal -9.749281e-001  2.225200e-001  0.000000e+000
    outer loop
      vertex  1.048660e+001 -7.215908e+000  0.000000e+000
      vertex  1.048660e+001 -7.215908e+000  7.500000e+000
      vertex  1.065000e+001 -6.500000e+000  7.500000e+000
    endloop
  endfacet
  facet normal -9.749281e-001  2.225200e-001  0.000000e+000
    outer loop
      vertex  1.048660e+001 -7.215908e+000  0.000000e+000
      vertex  1.065000e+001 -6.500000e+000  7.500000e+000
      vertex  1.065000e+001 -6.500000e+000  0.000000e+000
    endloop
  endfacet
  facet normal -4.338841e-001  9.009687e-001  0.000000e+000
    outer loop
      vertex  1.002876e+001 -7.790022e+000  7.500000e+000
      vertex  9.367160e+000 -8.108631e+000  0.000000e+000
      vertex  9.367160e+000 -8.108631e+000  7.500000e+000
    endloop
  endfacet
  facet normal  0.000000e+000  1.000000e+000  0.000000e+000
    outer loop
      vertex  9.367160e+000 -8.108631e+000  7.500000e+000
      vertex  9.367160e+000 -8.108631e+000  0.000000e+000
      vertex  8.632840e+000 -8.108631e+000  0.000000e+000
    endloop
  endfacet
  facet normal  0.000000e+000  1.000000e+000  0.000000e+000
    outer loop
      vertex  9.367160e+000 -8.108631e+000  7.500000e+000
      vertex  8.632840e+000 -8.108631e+000  0.000000e+000
      vertex  8.632840e+000 -8.108631e+000  7.500000e+000
    endloop
  endfacet
  facet normal  4.338841e-001  9.009687e-001  0.000000e+000
    outer loop
      vertex  8.632840e+000 -8.108631e+000  7.500000e+000
      vertex  8.632840e+000 -8.108631e+000  0.000000e+000
      vertex  7.971242e+000 -7.790022e+000  0.000000e+000
    endloop
  endfacet
  facet normal  4.338841e-001  9.009687e-001  -0.000000e+000
    outer loop
      vertex  8.632840e+000 -8.108631e+000  7.500000e+000
      vertex  7.971242e+000 -7.790022e+000  0.000000e+000
      vertex  7.971242e+000 -7.790022e+000  7.500000e+000
    endloop
  endfacet
  facet normal  7.818316e-001  6.234898e-001  0.000000e+000
    outer loop
      vertex  7.971242e+000 -7.790022e+000  7.500000e+000
      vertex  7.971242e+000 -7.790022e+000  0.000000e+000
      vertex  7.513402e+000 -7.215908e+000  0.000000e+000
    endloop
  endfacet
  facet normal  7.818316e-001  6.234898e-001  -0.000000e+000
    outer loop
      vertex  7.971242e+000 -7.790022e+000  7.500000e+000
      vertex  7.513402e+000 -7.215908e+000  0.000000e+000
      vertex  7.513402e+000 -7.215908e+000  7.500000e+000
    endloop
  endfacet
  facet normal  9.749278e-001  2.225213e-001  0.000000e+000
    outer loop
      vertex  7.513402e+000 -7.215908e+000  7.500000e+000
      vertex  7.513402e+000 -7.215908e+000  0.000000e+000
      vertex  7.350000e+000 -6.500000e+000  0.000000e+000
    endloop
  endfacet
  facet normal  9.749278e-001  2.225213e-001  -0.000000e+000
    outer loop
      vertex  7.513402e+000 -7.215908e+000  7.500000e+000
      vertex  7.350000e+000 -6.500000e+000  0.000000e+000
      vertex  7.350000e+000 -6.500000e+000  7.500000e+000
    endloop
  endfacet
  facet normal  4.338841e-001 -9.009687e-001  0.000000e+000
    outer loop
      vertex  8.632840e+000 -4.891369e+000  0.000000e+000
      vertex  7.971242e+000 -5.209978e+000  7.500000e+000
      vertex  7.971242e+000 -5.209978e+000  0.000000e+000
    endloop
  endfacet
  facet normal  7.818316e-001 -6.234898e-001  0.000000e+000
    outer loop
      vertex  7.971242e+000 -5.209978e+000  0.000000e+000
      vertex  7.971242e+000 -5.209978e+000  7.500000e+000
      vertex  7.513402e+000 -5.784092e+000  7.500000e+000
    endloop
  endfacet
  facet normal  7.818316e-001 -6.234898e-001  0.000000e+000
    outer loop
      vertex  7.971242e+000 -5.209978e+000  0.000000e+000
      vertex  7.513402e+000 -5.784092e+000  7.500000e+000
      vertex  7.513402e+000 -5.784092e+000  0.000000e+000
    endloop
  endfacet
  facet normal  9.749278e-001 -2.225213e-001  0.000000e+000
    outer loop
      vertex  7.513402e+000 -5.784092e+000  0.000000e+000
      vertex  7.513402e+000 -5.784092e+000  7.500000e+000
      vertex  7.350000e+000 -6.500000e+000  7.500000e+000
    endloop
  endfacet
  facet normal  9.749278e-001 -2.225213e-001  0.000000e+000
    outer loop
      vertex  7.513402e+000 -5.784092e+000  0.000000e+000
      vertex  7.350000e+000 -6.500000e+000  7.500000e+000
      vertex  7.350000e+000 -6.500000e+000  0.000000e+000
    endloop
  endfacet
  facet normal  4.338841e-001 -9.009687e-001  0.000000e+000
    outer loop
      vertex  7.971242e+000 -5.209978e+000  7.500000e+000
      vertex  8.632840e+000 -4.891369e+000  0.000000e+000
      vertex  8.632840e+000 -4.891369e+000  7.500000e+000
    endloop
  endfacet
  facet normal  0.000000e+000 -1.000000e+000  0.000000e+000
    outer loop
      vertex  8.632840e+000 -4.891369e+000  7.500000e+000
      vertex  8.632840e+000 -4.891369e+000  0.000000e+000
      vertex  9.367160e+000 -4.891369e+000  0.000000e+000
    endloop
  endfacet
  facet normal  0.000000e+000 -1.000000e+000  0.000000e+000
    outer loop
      vertex  8.632840e+000 -4.891369e+000  7.500000e+000
      vertex  9.367160e+000 -4.891369e+000  0.000000e+000
      vertex  9.367160e+000 -4.891369e+000  7.500000e+000
    endloop
  endfacet
  facet normal -4.338841e-001 -9.009687e-001  -0.000000e+000
    outer loop
      vertex  9.367160e+000 -4.891369e+000  7.500000e+000
      vertex  9.367160e+000 -4.891369e+000  0.000000e+000
      vertex  1.002876e+001 -5.209978e+000  0.000000e+000
    endloop
  endfacet
  facet normal -4.338841e-001 -9.009687e-001  0.000000e+000
    outer loop
      vertex  9.367160e+000 -4.891369e+000  7.500000e+000
      vertex  1.002876e+001 -5.209978e+000  0.000000e+000
      vertex  1.002876e+001 -5.209978e+000  7.500000e+000
    endloop
  endfacet
  facet normal -7.818312e-001 -6.234901e-001  -0.000000e+000
    outer loop
      vertex  1.002876e+001 -5.209978e+000  7.500000e+000
      vertex  1.002876e+001 -5.209978e+000  0.000000e+000
      vertex  1.048660e+001 -5.784092e+000  0.000000e+000
    endloop
  endfacet
  facet normal -7.818312e-001 -6.234901e-001  0.000000e+000
    outer loop
      vertex  1.002876e+001 -5.209978e+000  7.500000e+000
      vertex  1.048660e+001 -5.784092e+000  0.000000e+000
      vertex  1.048660e+001 -5.784092e+000  7.500000e+000
    endloop
  endfacet
  facet normal -9.749281e-001 -2.225200e-001  -0.000000e+000
    outer loop
      vertex  1.048660e+001 -5.784092e+000  7.500000e+000
      vertex  1.048660e+001 -5.784092e+000  0.000000e+000
      vertex  1.065000e+001 -6.500000e+000  0.000000e+000
    endloop
  endfacet
  facet normal -9.749281e-001 -2.225200e-001  0.000000e+000
    outer loop
      vertex  1.048660e+001 -5.784092e+000  7.500000e+000
      vertex  1.065000e+001 -6.500000e+000  0.000000e+000
      vertex  1.065000e+001 -6.500000e+000  7.500000e+000
    endloop
  endfacet
  facet normal  0.000000e+000  0.000000e+000  1.000000e+000
    outer loop
      vertex -1.700000e+001 -2.000000e+000  4.500000e+000
      vertex -1.500000e+001 -2.000000e+000  4.500000e+000
      vertex -1.700000e+001  2.000000e+000  4.500000e+000
    endloop
  endfacet
  facet normal  -0.000000e+000  0.000000e+000  1.000000e+000
    outer loop
      vertex -1.700000e+001  2.000000e+000  4.500000e+000
      vertex -1.500000e+001 -2.000000e+000  4.500000e+000
      vertex -1.500000e+001  2.000000e+000  4.500000e+000
    endloop
  endfacet
  facet normal -1.000000e+000  0.000000e+000  0.000000e+000
    outer loop
      vertex -1.700000e+001 -2.000000e+000  3.000000e+000
      vertex -1.700000e+001 -2.000000e+000  4.500000e+000
      vertex -1.700000e+001  2.000000e+000  3.000000e+000
    endloop
  endfacet
  facet normal -1.000000e+000  0.000000e+000  0.000000e+000
    outer loop
      vertex -1.700000e+001  2.000000e+000  3.000000e+000
      vertex -1.700000e+001 -2.000000e+000  4.500000e+000
      vertex -1.700000e+001  2.000000e+000  4.500000e+000
    endloop
  endfacet
  facet normal  0.000000e+000  0.000000e+000 -1.000000e+000
    outer loop
      vertex -1.500000e+001 -2.000000e+000  3.000000e+000
      vertex -1.700000e+001 -2.000000e+000  3.000000e+000
      vertex -1.500000e+001  2.000000e+000  3.000000e+000
    endloop
  endfacet
  facet normal  -0.000000e+000  0.000000e+000 -1.000000e+000
    outer loop
      vertex -1.500000e+001  2.000000e+000  3.000000e+000
      vertex -1.700000e+001 -2.000000e+000  3.000000e+000
      vertex -1.700000e+001  2.000000e+000  3.000000e+000
    endloop
  endfacet
  facet normal  0.000000e+000 -1.000000e+000  0.000000e+000
    outer loop
      vertex -1.500000e+001 -2.000000e+000  3.000000e+000
      vertex -1.500000e+001 -2.000000e+000  2.000000e+000
      vertex -8.000000e+000 -2.000000e+000  2.000000e+000
    endloop
  endfacet
  facet normal  0.000000e+000 -1.000000e+000  0.000000e+000
    outer loop
      vertex -1.500000e+001 -2.000000e+000  4.500000e+000
      vertex -1.700000e+001 -2.000000e+000  4.500000e+000
      vertex -1.700000e+001 -2.000000e+000  3.000000e+000
    endloop
  endfacet
  facet normal  0.000000e+000 -1.000000e+000  0.000000e+000
    outer loop
      vertex -1.500000e+001 -2.000000e+000  4.500000e+000
      vertex -1.700000e+001 -2.000000e+000  3.000000e+000
      vertex -1.500000e+001 -2.000000e+000  3.000000e+000
    endloop
  endfacet
  facet normal  0.000000e+000 -1.000000e+000  0.000000e+000
    outer loop
      vertex -1.500000e+001 -2.000000e+000  4.500000e+000
      vertex -1.500000e+001 -2.000000e+000  3.000000e+000
      vertex -8.000000e+000 -2.000000e+000  2.000000e+000
    endloop
  endfacet
  facet normal  0.000000e+000  0.000000e+000  1.000000e+000
    outer loop
      vertex -1.700000e+001 -1.975000e+001  4.500000e+000
      vertex -1.500000e+001 -1.975000e+001  4.500000e+000
      vertex -1.700000e+001 -1.725000e+001  4.500000e+000
    endloop
  endfacet
  facet normal  -0.000000e+000  0.000000e+000  1.000000e+000
    outer loop
      vertex -1.700000e+001 -1.725000e+001  4.500000e+000
      vertex -1.500000e+001 -1.975000e+001  4.500000e+000
      vertex -1.500000e+001 -1.725000e+001  4.500000e+000
    endloop
  endfacet
  facet normal  0.000000e+000  0.000000e+000  1.000000e+000
    outer loop
      vertex -1.700000e+001  1.725000e+001  4.500000e+000
      vertex -1.500000e+001  1.725000e+001  4.500000e+000
      vertex -1.700000e+001  1.975000e+001  4.500000e+000
    endloop
  endfacet
  facet normal  -0.000000e+000  0.000000e+000  1.000000e+000
    outer loop
      vertex -1.700000e+001  1.975000e+001  4.500000e+000
      vertex -1.500000e+001  1.725000e+001  4.500000e+000
      vertex -1.500000e+001  1.975000e+001  4.500000e+000
    endloop
  endfacet
endsolid CATIA STL
